video_id,title,channel,category,views,likes,description,url,published_at,country
Qhz2L8WzgIw,아침 점호,숏박스,23,2397940,30746,"#스케치코미디 #숏박스 #스튜디오지니

하이퍼 리얼리즘 코미디 [신병3]
지니 TV | ENA 매주 월, 화 밤 10시 공개
모바일 시청은 지니 TV 모바일에서
#스튜디오지니",https://www.youtube.com/watch?v=Qhz2L8WzgIw,2025-04-18T09:00:42Z,KR
S5jaYVVSRy4,연애 적응 시기,짧은대본 ShortPaper,24,629907,9314,"#코카콜라 #코크타임 #CocaCola
짜릿함이 필요할 때, Coke TIME!
Coke TIME 즐기고 페스티벌 가자! 👇
https://coca-cola.or.kr/event202504/view

멤버십 가입 
https://www.youtube.com/channel/UChgOgRNxrtCcVARDQT_c-Zg/join


광고문의 - ad@shortenm.com
일반문의 - short_paper@naver.com
배우지원 - short_audi@naver.com
배우협업문의 - casting@shortenm.com",https://www.youtube.com/watch?v=S5jaYVVSRy4,2025-04-19T11:00:44Z,KR
Ik4ckKTRz0w,개막 한 달? 일단 모아 왔습니다.｜이정후 2025 MLB 활약상,SPOTV 오리지널,17,755267,9515,"#이정후 #샌프란시스코 #MLB

👇 2025 MLB 시청하기 👇

SPOTV NOW 💻📱 ☞ https://spotv.net/mlb

SPOTV PRIME 📺👀 ☞  https://www.spotvprime.co.kr/channel",https://www.youtube.com/watch?v=Ik4ckKTRz0w,2025-04-18T11:38:04Z,KR
X03NIGUm5pI,CHUU vs CHEW! 꽁꽁 얼어붙는 공격 멘트 위로 아빠미소가 날아다닙니다 | 딱대 EP33 츄 CHUU,빠더너스 BDNS,23,708642,15257,"#딱대 #문상훈 #츄 

0:00 힐링 토크쇼 딱대
0:08 오늘의 딱 맞는 게스트 : 츄 님
1:55 청주 출신 한화 이글스의 ‘승리요정’ 츄
4:22 츄의 유명한 리액션 영상
6:01 꽁냥이 챌린지 대란을 일으켰던 츄
8:26 깨물하트 만든 장본인 츄
9:34 [LOL PLAY]
9:48 [상담 선생님과 학생]
11:19 [키즈 유튜버와 어린이 시청자]
12:34 [탑급 진상 손님을 상대하는 알바생]
13:44 황금 성대 츄의 개인기 메들리
15:58 문상훈과 가장 잘 어울리는 츄의 신곡
18:05 ‘ENFP’ 대표 츄
19:42 말 예쁘게 잘하는 츄와 ‘부러워 게임’
22:37 츄 선플 딱대
23:39 다음 딱 맞을 게스트 (이준영 & 정은지)

Instagram @bdnspresents",https://www.youtube.com/watch?v=X03NIGUm5pI,2025-04-20T04:00:42Z,KR
3veRj6plb1c,'기습 번트+3출루' 이정후… 코치도 웃게 만들었다 #SPOTIME,스포타임,17,2282661,23187,"#이정후 #기습번트 #활약상 #샌프란시스코

이정후가 미친 기습번트를 보였습니다
자세한 내용은 영상으로 확인하시죠~

👇 2025 MLB 시청하기 👇
SPOTV NOW 💻📱 ☞ https://spotv.net/mlb
SPOTV PRIME 📺👀 ☞  https://www.spotvprime.co.kr/channel",https://www.youtube.com/watch?v=3veRj6plb1c,2025-04-19T04:38:14Z,KR
rTZmmk5NHGU,"[SUB] ""여러분 믿으면 안 돼요 vs 저는 진실을 얘기했어요"" 엔시티 위시의 폭로전(?) | 아이돌 인간극장",아이돌 인간극장,10,275963,17916,"#nctwish #poppop #아이돌인간극장

거침없는 폭로전과 자존심을 건 허벅지 씨름까지😵‍💫
엔시티 위시가 왜 이리 무리해

대본 없는 리얼(?) 다큐 [아이돌 인간극장]에 오신 여러분
모두 환영합니다🎉

Everyone, welcome to real (?) documentary no script [Idol Human Theater]🎉
 
More from #KBSKPOP

Twitter:      https://twitter.com/idolhumandocu
Instagram: https://www.instagram.com/kbs_kpop_official/

🎥제작 : STUDIO K
📩비즈니스 문의 : officialstudiokk@gmail.com

Copyright ⓒ KBS. All rights reserved. 무단 전재, 재배포 및 이용(AI 학습 포함) 금지",https://www.youtube.com/watch?v=rTZmmk5NHGU,2025-04-19T12:00:06Z,KR
UUFJlUy5aA4,아스트로(ASTRO) - 꿈속의 문(Moon) : Memory of the Moon,ASTRO 아스트로,10,2662815,543194,"#ASTRO #아스트로 #꿈속의문 #Moon

ASTRO - 꿈속의 문(Moon) : Memory of the Moon

with 
VIVIZ (비비지)
민혁, 기현, I.M of MONSTA X 
호시, 원우, 민규, 도겸, 승관 of SEVENTEEN
HELLO GLOOM
라키
최유정
김도연
찬희 (SF9)
방찬 (Stray Kids)
문수아 (Billlie)

▶ Twitter : http://twitter.com/offclASTRO
▶ Facebook : http://facebook.com/offclASTRO
▶ Instagram : https://www.instagram.com/officialastro
▶ Weibo : http://weibo.com/officialASTRO
▶ Fancafe : http://cafe.daum.net/fantagio-boys",https://www.youtube.com/watch?v=UUFJlUy5aA4,2025-04-19T09:00:10Z,KR
dtJ9j8grYHk,[전참시] 외쳐 갓 WING😎 지드래곤 콘서트에서 단독 무대 제대로 찢은 비트박서 윙ㅣ#윙 MBC250419방송,엠뚜루마뚜루 : MBC 공식 종합 채널,24,778013,10645,"[전지적 참견 시점] 토요일 밤 11시 10분 방송!
MBC의 따끈따끈한 영상을 내 맘대로 편하게 즐기는 채널🌀
엠뚜루마뚜루 보러가기👉https://www.youtube.com/c/엠뚜루마뚜루
-
#전지적참견시점
#엠뚜루마뚜루

* 전지적 참견 시점 풀영상 보러가기
✔ WAVVE : https://www.wavve.com/player/vod?programid=M_1003594100000100000

✔ iMBC : http://playvod.imbc.com/templete/VodList?bid=1003594100000100000

ⓒ MBC&iMBC 무단 전재, 재배포 및 이용(AI학습 포함)금지",https://www.youtube.com/watch?v=dtJ9j8grYHk,2025-04-20T06:15:04Z,KR
EbZcfvuafZA,이사했습니다. 한국살이 새로운 시작,파비앙 Fabien Yoon,24,302461,25717,"#서촌 #나혼자산다 #이사

한국에서 나의 9번 째 이사..
해프닝도 있었고 다사다난했지만
좋은 분들과 함께해서 즐겁기도 했어요

▶︎ 촬영 :  파비앙

▶︎ 기획 : 파비앙

▶︎ 편집 : 오소은

▶︎ https://www.instagram.com/frenchmonster7

▶︎ 방송/광고 문의 : frenchmonster7@naver.com",https://www.youtube.com/watch?v=EbZcfvuafZA,2025-04-20T06:59:10Z,KR
hoYkaoF_lGE,[예고] 너 뭐 돼? 학씨 아저씨로 대세가 된 배우 최대훈! 하지만 현실에서는 사실 관식이?!#유퀴즈온더블럭 | YOU QUIZ ON THE BLOCK EP.290,유 퀴즈 온 더 튜브,24,515855,5557,"티빙에서 스트리밍 : https://tving.onelink.me/xHqC/30a78d6f

유 퀴즈 온 더 블럭
[수] 저녁 8: 45 tvN

#티빙에서스트리밍",https://www.youtube.com/watch?v=hoYkaoF_lGE,2025-04-20T10:58:20Z,KR
JwIkZYKEU_Q,"[EN] [밥묵자] 보고만 있어도 아빠미소가 절로 나는 인간 비타민 살아있는 행복 바이러스 ""츄""와 밥 한 끼",꼰대희,23,331869,9784,"* 타인을 비방하는 악의적, 모욕적인 댓글은 사전 고지없이 차단되거나 삭제될 수 있습니다.

*비즈니스 문의
jdbent001@gmail.com

*틱톡
https://vt.tiktok.com/ZSJdgRuxJ/
*인스타그램
https://www.instagram.com/ggondaehee/

#꼰대희 #밥묵자 #츄",https://www.youtube.com/watch?v=JwIkZYKEU_Q,2025-04-19T12:00:28Z,KR
0LiCt0QciGc,"제로슈가, 정말 먹어도 될까? 최초 공개하는 단맛의 비밀부터 대체 감미료의 숨겨진 이야기까지 대공개 (feat. 최명환 교수/우창윤 교수) [취미는 과학/ 29화 확장판]",EBS 컬렉션 - 사이언스,28,255215,4514,"📢 댓글 이벤트
댓글로 시청 소감 또는 【취미는 과학】이 다루었으면 하는 주제를 남겨주세요! 추첨을 통해 도서 
《내 이웃집 의사 친구 닥터프렌즈》를 선물로 드립니다.
✅ 참여 기간 : 4/19(토) ~ 4/24(목)
✅ 당첨자 발표 : 4/25(금) 고정 댓글 확인!

설탕 없이 단맛을 즐길 수 있다는 제로슈가, 그 달콤한 유혹은 과연 안전할까?
단맛을 느끼게 하는 신비로운 ‘맛의 회로’부터 제로슈가가 우리 몸과 뇌에 미치는 영향까지!
미각의 경로를 따라 제로슈가의 비밀을 파헤쳐 본다.

▶ 다시 보기
https://home.ebs.co.kr/ebsscience/main
*웨이브, 티빙, 왓챠에서도 ‘취미는 과학’을 검색하여 시청하실 수 있습니다

▶ 함께 보면 좋을 프로그램
EBS 【지식채널e-단맛을 향한 인류의 끝없는 집착】
EBS 【클래스e–사카린과 아스파탐 등 다양한 합성 감미료의 종류】

📌 타임라인
00:00 시작
00:18 열차에 탑승한 내분비내과 슈퍼스타
02:20 미각의 비밀을 밝혀내는 뇌공학자
05:04 과학자들의 선택은? 일반 vs 제로
06:15 인간은 왜 단맛을 좋아할까?
09:19 단맛이 넘쳐나게 된 이유
12:00 제로슈가 감미료란?
13:24 단맛은 대체 무엇일까?
15:39 단맛을 느끼게 하는 수용체의 정체
16:28 단맛 회로가 O에 있다?
16:48 단맛 회로가 귀에 있다?
18:21 데프콘이 정리하는 '단맛의 경로’
19:14 [미방분] 맛의 신경전달물질이 ATP?
20:03 제로슈가가 달게 느껴지는 이유
21:50 맛은 주관적인 감정과 인식이다
22:12 대체 감미료는 어떻게 발견됐나
24:38 맛을 속이는 '미라클베리' 실험
27:21 [미방분] 달지만 먹을 수 없는 것이 있다?
28:52 제로슈가가 우리 몸에 미치는 영향
31:31 당vs제로, 다른 생물들의 선택은?
35:23 인공 감미료가 장내 환경에 미치는 영향
37:17 제로를 먹어야 하나, 말아야 하나?
38:25 안전한 인공 감미료는 무엇일까?
41:16 제로슈가가 환경에 미치는 영향
42:15 궁극의 단맛은 존재할까?
42:50 단맛 논쟁! 의사 vs 화학자
44:37 궁극의 단맛은 존재할까?
46:34 다음 이야기

#취미는과학 #과학토크 #과학토크쇼 #과학 #데프콘 #이대한 #장홍제 #최명환 #우창윤 #제로슈가 #슈가프리 #대체감미료 #인공감미료 #아스파탐 #제로칼로리",https://www.youtube.com/watch?v=0LiCt0QciGc,2025-04-19T09:00:01Z,KR
uRGjeXyx-Fs,브롤 토크 : 새로운 브롤러 희귀도?! [브롤스타즈],브롤스타즈,20,89242,1251,"무료 선물 링크! : https://supr.cl/brawl-freebie 🎁

🤯 신규 희귀도 울트라 전설 등급?!
👘 2명의 신규 브롤러 : 죽음의 게이샤와 끔찍한 노래방 가수! 🎤
🦖 브롤 MOBA?!
🔥 8개의 신규 하이퍼차지!
🍣 새로운 스킨, 새로운 게임 모드, 새로운 이벤트 그리고 더 많은 내용들!

📲 지금 다운로드 받으세요 👉 https://supr.cl/BrawlStarsKR

브롤스타즈 Youtube 🔗 https://www.youtube.com/BrawlStarsKorea/
브롤스타즈 공식 카페 🔗 https://cafe.naver.com/brawlstars
브롤스타즈 Kakaotalk 🔗 http://pf.kakao.com/_Wqxdwxj/friend
브롤스타즈 Instagram 🔗 https://www.instagram.com/brawlstars_korea/ 
브롤스타즈 Tik Tok 🔗 https://www.tiktok.com/@brawlstars_korea

#브롤스타즈 #브롤토크 #업데이트 #검의왕국
#brawlstars #brawltalk #update #KatanaKingdom",https://www.youtube.com/watch?v=uRGjeXyx-Fs,2025-04-19T15:15:54Z,KR
LACM2vIpurg,"고윤정, 김준완 교수에게 남긴 강렬한(negative) 첫인상 #언젠가는슬기로울전공의생활 EP.4 | tvN 250420 방송",tvN DRAMA,24,502987,4056,"티빙에서 스트리밍 : https://tving.onelink.me/xHqC/30a78d6f

'언젠가는 슬기로울' 의사생활을 꿈꾸는 레지던트들이
입덕부정기를 거쳐 성장해 나가는 과정을 담은 '슬기로운 의사생활' 스핀오프 드라마

tvN 〈언젠가는 슬기로울 전공의생활〉
[토일] 밤 9시 20분 방송

#residentplaybook #고윤정 #신시아 #강유석 #한예지 #정준원

#티빙에서스트리밍",https://www.youtube.com/watch?v=LACM2vIpurg,2025-04-20T12:49:26Z,KR
8cQQX7TsInk,아스트로(ASTRO) - 꿈속의 문(Moon) : Commentary,ASTRO 아스트로,10,624892,119258,"#ASTRO #아스트로 #꿈속의문 #Moon

ASTRO - 꿈속의 문(Moon) Commentary

with 
VIVIZ (비비지)
민혁, 기현, I.M of MONSTA X 
호시, 원우, 민규, 도겸, 승관 of SEVENTEEN
HELLO GLOOM
라키
최유정
김도연
찬희 (SF9)
방찬 (Stray Kids)
문수아 (Billlie)

▶ Twitter : http://twitter.com/offclASTRO
▶ Facebook : http://facebook.com/offclASTRO
▶ Instagram : https://www.instagram.com/officialastro
▶ Weibo : http://weibo.com/officialASTRO
▶ Fancafe : http://cafe.daum.net/fantagio-boys",https://www.youtube.com/watch?v=8cQQX7TsInk,2025-04-19T09:30:04Z,KR
45hKHD0yP5A,오키나와까지 가서 아무것도 안하는vlog,찰스엔터,22,1063286,19685,"연습생 여러분 안녕하세요!! 제 베프 현지랑 오키나와가서 4일 동안 푹쉬다 왔어요!
여행 가기 전에는 사실 가기 귀찮은 마음이 컸는데 다녀오니 저한테 너무 필요한 시간이었더라구요..

이번 영상도 재밌게 봐주시면 넘 감사하겠습니다!!❤️ 

많이 물어봐주시는 정보!

[도트 바람막이] 
릿킴(근데 현재 판매하지 않는 것 같아요ㅠㅠ 찾아봐도 왜 안나올까요..)

[광각렌즈 정보] 
오즈모 포켓3: 패키지 포함되어 있는 광각렌즈 사용
평소 아이폰15pro로 촬영 할 땐 넥스트 광각렌즈 0.3배율 사용 쿠팡에서 팔아요 

[목걸이]
넘버링 십자가 목걸이 실버

[선글라스]
산드로 선글라스 SD6083 검정색 


BGM 출처 링크:  [잠겨 죽어도 좋으니 너는 물처럼 내게 오라] https://gongu.copyright.or.kr/gongu/wrt/wrt/view.do?wrtSn=13262513&menuNo=200026",https://www.youtube.com/watch?v=45hKHD0yP5A,2025-04-17T09:00:09Z,KR
Ld7jPMHMFBo,"최화정이 결혼 반대한 김지호♥김호진네 맛있는 집들이 (+오뎅말이,전복솥밥)",안녕하세요 최화정이에요,22,923481,12541,"오늘은 세상에서 가장 청량한 미소를 가진 지호랑 츤데레 같지만 요리 잘하고 다정다감한 호진이를 만나고 왔어요😊저랑 30년 된 절친인데 여전히 알콩달콩 재미있게 살고 있더라구요. 그리고 제가 추천사를 쓴 지호의 책을 선물 받았는데요, '마음이 요동칠 때 기꺼이 나는 혼자가 된다' 정말 편하게 읽히고 동기부여가 되는 책이었어요. 댓글 달아주시면 지호가 캔디님들께 책 선물 드린대요😍서른 분께요~ 저도 생각이 많을 땐 몸을 먼저 움직여 보려구요. 오늘 당장 뭐부터 할까요? 일단 제가 좋아하는 요리하러 주방으로 룰룰루🥰❤

🎁 댓글 이벤트 참여 방법
① 영상 시청 후 댓글로 소감 남기기
② 아래 구글 폼에 댓글과 정보 제출하면 끝!
https://forms.gle/madUndQdjyuyPTEt9

🎁이벤트 기간 : 4/17(목) ~ 4/24(목)
🎁당첨자 발표 : 4/28(월)
🎁경품 : 김지호 책 '마음이 요동칠 때 기꺼이 나는 혼자가 된다'

★30년차 배우 김지호의 첫 산문집★
📖마음이 요동칠 때, 기꺼이 나는 혼자가 된다
■ 예스24
https://url.kr/8sczd4
■ 교보문고
https://url.kr/31ruc4
■ 알라딘
http://aladin.kr/p/xRc3D
■ 쿠팡
https://url.kr/d5jss2

#최화정 #김지호 #김호진",https://www.youtube.com/watch?v=Ld7jPMHMFBo,2025-04-17T09:30:10Z,KR
wrISHhZ-GTs,BOYNEXTDOOR (보이넥스트도어) 4th EP [No Genre] Trailer Film,HYBE LABELS,10,1343149,81119,"BOYNEXTDOOR 4th EP [No Genre]
2025. 5. 13 6PM (KST)

🔗 BND.lnk.to/No_Genre

#BOYNEXTDOOR #보이넥스트도어 #BND
#No_Genre

Credits:
Production: Souvenir

Director: Min Soo Park  
EP: Suyeon Jo

1st AD: Hosan Kim  
2nd AD (On-Set): Hyonji Ahn  

DP: Jin Kim  
1st AC: Steve Moon  
2nd AC: Hansol Lim  
DIT: Hyunjeong Gang
3rd AC: Kiju Kim  

Gaffer: Byongjin Yang  
1st: Soo Wook Ryu  
2nd: Dae Kwan Jung, Sang Jin Kim, Jin Hwang Sung  
3rd: Ji Young Park, Sung Jae Jeon, Da Wi Choi, In Hoe Han, Yong Chang Lee

Key Grip: Hwayeon Kim  
Best Boy: Junhee Lee  
Grip 1: Ryuhan Ko  
Grip 2: Jaegang Shin  

Trinity Operator: Sunho Choi

Production Designer: Heeju Park (Four)  
Art Director: Seoah Kim  
Art Assistants: Minsoo Park, Wonsik Yoon, Junhyeok Kim, Sanghyun Lee, Hyensoo Jin

Editor: Santiago Figueira W.  
Colorist: Soyoung Park  

3D Artist: Jungwoo Yoo
Additional 3D Artist: Hwaseung Lee  
2D Cleanup: Hyunseok Song

Music Composer: Hey Farmer

Extras:  
Used Goods Seller – Bo Gyeom Son  
Comic Store Bullies – Tae Hwan Kim, Eun Mo Kim, Ohineme Gift Chizy (Grin Agency)
Photographer – Kaare Olsen

Storyboard Artist: Hyunki Song  

Runner Support: Step by Staff


Connect with BOYNEXTDOOR :
Website🔗 https://BOYNEXTDOOR-official.com
YouTube🔗 https://youtube.com/@boynextdoor_official
Twitter🔗 https://twitter.com/BOYNEXTDOOR_KOZ
Instagram🔗 https://instagram.com/BOYNEXTDOOR_official
Facebook🔗 https://facebook.com/BOYNEXTDOOR.official
TikTok🔗 https://www.tiktok.com/@boynextdoor_official
Weibo🔗 https://weibo.com/BOYNEXTDOORKOZ

ⓒ KOZ Entertainment. All Rights Reserved.",https://www.youtube.com/watch?v=wrISHhZ-GTs,2025-04-18T13:00:03Z,KR
w4qvgMBjOPc,80평 집에서 단 4평만 사용하는 대부 '이경규' 집 최초공개 (+충격앨범),갓경규,24,881801,21542,"전국의 38만 이경규 구독자 가족 여러분 안녕하십니까.
이경규입니다.
오랜만에 제가 다시 유투브 판으로 돌아왔습니다.
앞으로 지켜봐주십시오.

이건 무조건 살려야합니다.
감사합니다.

비즈니스 문의 :  godkyungkyu@gmail.com

#이경규 #이경규유튜브 #이경규집공개 #연예인집공개",https://www.youtube.com/watch?v=w4qvgMBjOPc,2025-04-17T09:01:18Z,KR
wMxeNpX-l48,[ENG/JPN/CHN] 두리안 처음 먹어본 아이돌 찐반응 (???: 끝까지 먹일 거야.) l TXT(투모로우바이투게더) 수빈 l 제로베이스원 장하오 l 최애의 최애,Pixid,24,935985,72370,"#최애의최애 #장하오 #제로베이스원 #수빈 #TXT

설레는 마음으로 새로운 동아리에 찾아온 수빈
그런데 이번에는 뭔가 냄새가 수상하다…?!
강렬한 향과 함께 찾아온 두리안 동아리 회장, 제로베이스원 장하오!

두리안 케이크부터 두리안 라떼, 두리안 피자까지...
두리안에 잡아먹힌 오늘의 동아리 발표회

과연 수빈은 동아리에 무사히 가입할 수 있을까?

00:00 오늘의 발표자 미리보기
04:30 발표 시작
04:33 두리안이란 무엇인가?
06:02 두리안 입덕 계기
08:24 두리안 이만큼 좋아해…❤️
14:26 두리안 해체쇼쇼쇼!
19:55 ⭐️두리안 디저트 한상차림⭐️
23:18 하오 정식 최초 공개
32:48 다음 발표자 스포

💖최애의 최애💖
💖매주 목요일 오후 7시💖

#수빈 #최애의최애 #픽시드 #투모로우바이투게더 #TXT",https://www.youtube.com/watch?v=wMxeNpX-l48,2025-04-17T09:58:07Z,KR
cdeKX7cs-r0,JENNIE - like JENNIE - Live at Coachella 2025,Coachella,10,5333384,200678,"JENNIE – “like JENNIE” - Live at Coachella 2025

Watch this incredible Weekend 1 performance by JENNIE at The Outdoor Theatre on Sunday April 13th at 7:45 PT.

Tune back in this weekend for the Weekend 2 livestream, starting Friday at 4 PM PT, April 18th.
Watch the official Coachella Valley Music and Arts Festival livestream at https://www.youtube.com/coachella

Live only on YouTube from the comfort of your living room or wherever you are.
Watch up to 4 stages at once in multi-view* from your TV
Shop exclusive merch
Chat live with fans around the world

Download the official Coachella Livestream app to view the full schedule synced to your time zone, create a personalized livestream lineup, and get reminders so you don’t miss a moment — available exclusively on YouTube.
iOS: https://apps.apple.com/us/app/coachel...
Android: https://play.google.com/store/apps/de...

*Device and content restrictions apply. Multi-view feature not available on mobile and desktop devices for Coachella.
#CoachellaOnYouTube",https://www.youtube.com/watch?v=cdeKX7cs-r0,2025-04-16T20:59:08Z,KR
GWTMX_LuE2I,"“말 너무 심해애!” 지예은, ‘턱살 실종사건’에 런닝맨 멤버들 걱정♨",런닝맨 - 스브스 공식 채널,24,315219,3002,"지예은의 턱살 실종에 런닝맨 멤버들이 걱정한다.

예　능 | 런닝맨 749회
본방송 | 4월 20일 일요일 밤 6시 10분

#런닝맨 #지예은 #양세찬

Copyright ⓒ SBS. All rights reserved.
무단 전재, 재배포 및 AI학습 이용 금지 

*프로그램 다시 보기

✔ SBS홈페이지:
https://programs.sbs.co.kr/tv/youtube?co=youtube&type=tv&content_id=E474483669&yt_channel=SBSRunningMan
✔ WAVVE:
https://www.wavve.com/player/vod?contentid=S01_E474483669.1&utm_campaign=2025_SBS&utm_source=youtube&utm_medium=movcon&utm_contents=SBSRunningMan",https://www.youtube.com/watch?v=GWTMX_LuE2I,2025-04-20T09:36:12Z,KR
KUzXga0Hplg,드디어 권상우 컴백♥ 오랜만에 만났더니 애틋함이 폭발하는 태영상우 부부,Mrs.뉴저지 손태영,22,164359,4407,"안녕하세요 손태영입니다 :) 

저희 남편이 오랜만에 미국에 돌아와서 간만에 둘만의 시간을 보내봤어요~

그동안 못 나눴던 수다타임도 실컷 가졌는데 
저희 투닥투닥하는 모습 재밌게 봐주셨으면 좋겠어요 ㅎㅎ 

마지막 저희가 요즘 열심히 하고 있는 운동도 알차게 담았으니 끝까지 꼭 봐주세요:)
여러분 항상 사랑하고 감사합니다^^

#미세스뉴저지손태영 #손태영 #권상우",https://www.youtube.com/watch?v=KUzXga0Hplg,2025-04-19T05:15:01Z,KR
6PUc8Peh8Xs,&TEAM(앤팀) 'Go in Blind' (4K) | STUDIO CHOOM ORIGINAL,STUDIO CHOOM [스튜디오 춤],24,308967,33998,"[STUDIO CHOOM ORIGINAL] &TEAM 'Go in Blind'
[스튜디오 춤 오리지널] 앤팀 'Go in Blind'

루네들아 앤팀이 진짜 작정한 것 같다
(2:14) 진정한 퍼포 작두의 맛 이거지예🖤

[𝐖𝐞𝐯𝐞𝐫𝐬𝐞 𝐒𝐡𝐨𝐩 𝐆𝐥𝐨𝐛𝐚𝐥 𝐗 𝐒𝐓𝐔𝐃𝐈𝐎 𝐂𝐇𝐎𝐎𝐌]
「𝐒𝐓𝐔𝐃𝐈𝐎 𝐂𝐇𝐎𝐎𝐌 𝐆𝐢𝐟𝐭」 &𝐓𝐄𝐀𝐌 𝟑𝐫𝐝 𝐒𝐈𝐍𝐆𝐋𝐄 '𝐆𝐨 𝐢𝐧 𝐁𝐥𝐢𝐧𝐝'

📍 Weverse Shop GLOBAL
💿 [STUDIO CHOOM GIFT] 'Go in Blind' LIMITED EDITION : https://go.weverse.io/qt3S/tia42om2
💿 [STUDIO CHOOM GIFT] 'Go in Blind' STANDARD EDITION : https://go.weverse.io/qt3S/deeascgx
💿 [STUDIO CHOOM GIFT] 'Go in Blind' SOLO EDITION : https://go.weverse.io/qt3S/x5pjvkfq
💿 [STUDIO CHOOM GIFT] 'Go in Blind' SOLO EDITION 9 SET : https://go.weverse.io/qt3S/uvysdvg2

📅 예약 판매 기간: 4/18(금) 7PM - 4/24(목) 22:00PM (KST)
💗 기간 내 앨범 구매 시 「스튜디오 춤」 미공개 포토카드 증정
💗 추첨 통해 사인 폴라로이드 증정

📆 予約受付期間 : 4月18日(金) 午後 7時 ~ 4月24日(木) 午後 10時
💗 期間内にアルバムをご購入した方々には「STUDIO CHOOM」限定未公開フォトカードをプレゼント
💗 購入期間内に購入するとサインポラロイドをプレゼント

📆 PRE-ORDER: Apr. 18th 7PM - Apr. 24th 10PM (KST)
💗 Exclusive Photocards included 
💗 Raffle Event : Unreleased autographed polaroid giveaway (9 winners)

※ 구매 및 배송 등 상품 관련 문의는 판매처로 부탁 드립니다.
※ 配送または一般的な性質についてお問い合わせが必要な場合は、販売者にお問い合わせください。
※ Contact Seller if you need any inquiries of delivery or a general nature.  

#andTEAM #SC_ORIGINAL

Stream various performance video on #STUDIOCHOOM!

👉SUBSCRIBE👈
YouTube: https://www.youtube.com/STUDIOCHOOM
Facebook:  https://www.facebook.com/StudioCHOOM
Instagram: https://www.instagram.com/studio_choom/
Naver TV: https://tv.naver.com/cjenm.STUDIOCHOOM",https://www.youtube.com/watch?v=6PUc8Peh8Xs,2025-04-19T10:00:08Z,KR
VrZMcWxtHCE,〈폭싹 속았수다〉의 박해준! 암 투병 연기를 위해 이것까지 감행하다 ㄷㄷ #highlight#유퀴즈온더블럭 | YOU QUIZ ON THE BLOCK EP.289,유 퀴즈 온 더 튜브,24,828826,6055,"티빙에서 스트리밍 : https://tving.onelink.me/xHqC/30a78d6f

#유퀴즈 #유재석 #조세호
유퀴즈온더블럭 YOU QUIZ ON THE BLOCK EP.289
#사활을_걸다
매주 (수) 저녁 8시 45분 tvN 방송

#티빙에서스트리밍",https://www.youtube.com/watch?v=VrZMcWxtHCE,2025-04-17T08:33:04Z,KR
vI62VjzA_xs,"한가인♥찰스엔터 서촌에서 노가리 vlog (월간데이트 스포, 연애상담)",자유부인 한가인,22,468060,11585,"안녕하세요 자유부인 한가인입니다

4월 초에 찰스엔터 찬미를 만나서 한
여자들의 데이트 브이로그를 공개합니다

찰스와 찐수다 떨면서 월간데이트 비하인드도 듣고
같이 사진도 찍고 시간 가는 줄 몰랐어요 

이정도면 성공한? 데뷔한? 연습생ㅎㅎㅎㅎㅎ

무튼 같이 놀아주고 출연해준 찰스 정말 고맙습니다

그럼 다음에 또 만나요
안녕

🧡 5월 2일부터 8일까지 현대백화점 판교점에서 하는
자유부인 한가인 팝업스토어 많은 기대 부탁드려요~

#한가인 #찰스엔터 #한가인유튜브 #자유부인한가인",https://www.youtube.com/watch?v=vI62VjzA_xs,2025-04-17T09:15:10Z,KR
9bU8cr0phOs,[팅글썰롱] ASMR로 듣는 '엔시티 위시 리쿠&유우시가 친해진 계기는?' | NCT WISH 리쿠&유우시 편 (ENG/JPN),M2,24,254042,19867,"[팅글썰롱] ASMR로 듣는 '엔시티 위시 리쿠&유우시가 친해진 계기는?' 
[Tingle Salon] ASMR ver. Makeup Salon by NCT WISH RIKU & YUSHI

젤리보다 치즈볼보다 달콤한 쿠우쿠우즈의 케미😜
시즈니들이 행복하게 잠들었으면 조켄네..💚

00:00 NCT WISH 리쿠&유우시의 메이크업썰롱
00:41 STEP.1 아이 메이크업
10:10 STEP.2 립&치크 메이크업
24:51 STEP.3 파츠&글리터 메이크업
34:37 STEP.4 만족의 탐지기

👇질문 리스트👇
02:03 '팅글썰롱' 둘이 하게 됐다고 했을 때 어땠어?
02:43 둘은 평소에 어떻게 지내?
03:16 둘이서만 놀러 간 적 있어?
06:16 그림 잘 그려?
08:21 댄싱네코즈의 고양이 보드게임 START!
10:29 리쿠&유우시 케미조합명이 뭐야?
11:51 둘이 친해진 계기가 뭐야?
13:22 둘이 다툰 적은 없어?
14:41 NCT WISH 멤버들 사이에서 유행하는 거 있어?
17:36 간식 좋아해?
23:23 'poppop' ASMR 버전으로 불러주기
25:06 리쿠, 유우시가 귀여워서 치유받을 때가 있다고?
26:07 리쿠, 배구부 출신이라고?
27:51 유우시, 리쿠가 필요한 순간은 언제?
28:14 유우시, 크리스마스 때 리쿠에게 썼던 편지 기억하나요?
29:13 유우시, 만찢남이라던데 진짜야?
30:58 서로에게 감동받은 적 있어?
32:45 서로에게 하고 싶었던 말?
34:00 시즈니의 꿀잠을 책임질 ASMR 스트레스볼 소리 들려주기

#팅글썰롱 #TingleSalon

More from #M2? :D

Facebook:  https://www.facebook.com/MnetM2
X:                 https://twitter.com/M2MPD
Instagram: https://www.instagram.com/M2MPD
TikTok:       https://www.tiktok.com/@m2mpd",https://www.youtube.com/watch?v=9bU8cr0phOs,2025-04-18T13:00:06Z,KR
_9Aiy7fOrEs,고소영의 우당탕탕 남편 생일상 차리기 대작전,바로 그 고소영,22,559544,10203,"안녕하세요 고소영입니다. 이번편 재밌게 보셨나요?
영상에서 제가 말했던 구독자 이벤트를 진행해보려고 해요! 

오늘은 남편 생일상을 보여드렸는데 다음엔 어떤 걸 찍어볼까요?
댓글로 추천해주신 30분을 선정해 3가지 색상의 앞치마를 랜덤 발송해드릴게요😃

준비한 앞치마 수량이 30개 밖에 없어서 많은 분들께 드리진 못하지만...ㅠ
나중에 한 번 더 할 기회가 생기면 더 많은 분들께 선물해드릴 수 있도록 해볼게요!

앞치마에는 받으시는 분의 성함 앞글자 영문 이니셜을 한 글자 새겨서 보내드려요😆
저는 고소영이니까 K🩷 재밌는 댓글 기다릴게요.

댓글 하나하나 보면서 많은 응원과 감동도 받았어요. 참...감사합니다 :) 오늘도 행복한 하루 보내세요!!


#고소영 #고소영생일상 #바로그고소영
Copyright © 2025 Whooaa studio  - All Rights Reserved",https://www.youtube.com/watch?v=_9Aiy7fOrEs,2025-04-17T09:15:06Z,KR
hcJ6DfeuEc0,홍현희가 아들 위해 '이것'까지 해버린 집 최초공개 (장영란 기절),A급 장영란,24,875946,10890,"안녕하세요 내새끼 여러분~💖
인간 비타민🍑 장영란이에요🩷🩷

오늘은 사랑스런 준범이의 엄마이자
제 소중한 동생😘😘
홍현희 집에 다녀왔어용~~

현희랑 제이쓴이 이 집 와서
너무너무 잘 됐다고 하던데🔥🔥
아주아주 명당인가 봐요~😁😁

집 구경하는 김에 
준범이랑도 야무지게 놀구~🥰🥰
현희의 깊은 속마음까지 듣다보니
날이 어두워진 거 있죵~~??

현희야 다음에 또 초대해줘~~❤❤

오늘 영상도 재미있게 봐주세요!
항상 감사합니다~😍😍

#장영란 #A급장영란 #홍현희",https://www.youtube.com/watch?v=hcJ6DfeuEc0,2025-04-16T09:15:05Z,KR
9oXsYiJl56E,맥북 훔치고 돌려주는척 잡힐듯 말듯 열받게 약올리고 해외로 도망가기ㅋㅋㅋ,더블비,23,577788,7801,"맥북 훔친돈 좀 남았는데 뭐시켜먹지ㅎㅎㅎ

광고,협찬 문의  mingyu3@naver.com

인스타그램    장명준 mang_jun_     
                        박민규  mingggkiiii",https://www.youtube.com/watch?v=9oXsYiJl56E,2025-04-19T10:14:01Z,KR
mkqrLBDYJlk,하나랑 바루랑 잘 지내고 있어요!,다나나,22,807902,42120,,https://www.youtube.com/watch?v=mkqrLBDYJlk,2025-04-16T13:11:43Z,KR
hPeRpsqDy5Q,*난장판주의* 해외 촬영 간다고 옷장 짐 다 꺼낸 이은지 (feat. 지락실3 왓츠인마이백),은지랑 이은지,22,545614,7619,"안녕하세요 은지랑 이은지입니다 :)
뿅뿅 지구오락실 시즌3 티저 잘 보고 계신가요?
오늘은 제가 지락실 출국하기 진.짜 하루 전에 싼 
왓츠인마이캐리어 공개합니다ㅎ

#이은지 #왓츠인마이백 #뿅뿅지구오락실3

Copyright © 2025 Studio Episode - All Rights Reserved",https://www.youtube.com/watch?v=hPeRpsqDy5Q,2025-04-17T10:01:05Z,KR
VgHuxC8Bp6U,Hebi - 지금부터 (Onward) Official MV Teaser,Hebi.,10,131148,8407,"Hebi - 지금부터 (Onward) Official MV
2025.04.22 18:00 (KST)

#hebi #헤비 #music",https://www.youtube.com/watch?v=VgHuxC8Bp6U,2025-04-18T09:00:06Z,KR
xNd8Utx1NaM,이렇게 힘들 줄 몰랐습니다.. Didn’t expect it to be this hard..,엔조이커플enjoycouple,24,934676,9273,"#엔조이커플 #난임 #시험관

걱정해준 엔조잉 고마워요.. 내 맘 알G 💝

엔조이커플 구독하기♡ - https://www.youtube.com/enjoycouple?sub_confirmation=1

엔조이커플 인스타그램  enjoycouple instagram 
▶https://www.instagram.com/enjoycouple/
엔조이커플 페이스북  enjoycouple facebook
▶https://www.facebook.com/enjoycouple

임라라  Limlala
YouTube   ▶ https://www.youtube.com/channel/UCvdbrSd_DuybjYNR2ye5q0A
instagram ▶https://www.instagram.com/limlalaland/

손민수 Minddu
YouTube   ▶ https://www.youtube.com/channel/UC9xA0-QdssBhy7OVRGnaCsg
instagram ▶ https://www.instagram.com/minsoorrr/",https://www.youtube.com/watch?v=xNd8Utx1NaM,2025-04-16T09:51:55Z,KR
hD2CrfQrifY,💚오이 소금 말고 이것에 절여야 물 안생기고 끝까지 아삭아삭해요,함께해요 맛나요리,26,344393,3175,"💚오이 소금 말고 이것에 절여야 물 안생기고 끝까지 아삭아삭해요
✅요리 재료
백오이 25개(4.5kg)
양파 2개(450g)
부추 1kg
고춧가루 3컵 반
생강가루 1/2작은술
깨소금 4큰술
액젓 2컵
매실청 1/2컵
물8L
천일염 4컵


✔️계량스푼 용량
     1작은술 = 5ml
     1큰술 = 15ml

💚맛나요리가 직접 운영하는 맛나요리몰💚
      https://mannarecipe.com/

💚맛나요리 1대1 문의 카카오톡 채팅방💚
      http://pf.kakao.com/_MxdRxhG/chat",https://www.youtube.com/watch?v=hD2CrfQrifY,2025-04-16T23:00:45Z,KR
LySw7nLVQas,"암환자 브이로그 | 말라가는 중입니다만, 아직 살아있어요 | 뼈전이 | 20대 암환자 | 4기 암환자 | 희귀암 | 투병 브이로그",유병장수girl,22,990385,45107,"안녕하세요 
이전부터 최근까지의 일상영상을 
쫌 쫌 따리로 모아보았는데 
마음에 드셨길 바랍니다 
#로맨틱 #성공적 
아프다 보니 편집하는데 
시간이 너무 오래 걸려서 아쉬워요 
앞으로도 제가 이렇게 종종 
나타날 수 있기를 소망합니다☺ ❤
#20대 #암환자 #투병생활

💌이메일 - aa347234@naver.com

후원계좌🌱
카카오뱅크 3333-23-4057484
제*애",https://www.youtube.com/watch?v=LySw7nLVQas,2025-04-15T09:00:27Z,KR
XwhFthaxZNg,[VLOG] 남매끼리 취중진담(7년째 연애 안하는 이유?) | 남편과의 새로운 약속.. 지킬 수 있을까?😅,현주투성이,22,331092,4279,"투둥이들~
저는 요즘 부모님과 동생들이랑 보내는 시간이 많아졌어요! 살면서 언제 이렇게 가족들과 많은 시간을 보내봤을까 생각해 봤는데.. 진짜 없더라구요..!
부모님도 행복해하시고 저도 기분 좋아지고! 앞으로도 더 많은 시간을 가지려고 노력해 볼까 합니닷☺️

요즘 일교차가 너~무 심해져서 감기가 유행이던데..🤧 다들 외출할 때 외투 꼭 챙겨나가세요!
다들 남은 평일 파이팅 하시구 저녁 맛있게 드세요💓

Instagram : @jjuya_r

YouTube & Instagram 문의
jjuya.r.03@crbhoney.kr",https://www.youtube.com/watch?v=XwhFthaxZNg,2025-04-16T11:00:55Z,KR
fhsrNqV54dM,[🇰🇷 먹는브이로그] 끝내주는 음식만 먹고와서 겨울 대방어처럼 살이 토실토실해져버린 먹는 브이로그 한국편,해쭈 [HAEJOO],22,560790,8822,"[📍이번 영상속 맛있게 먹은 음식점 list]

신정식당 아산 - 닭수육 & 비빔밀면 조합이 끝내줌
개화식당 평택 통복시장 - 탕수육 & 깐풍육은 볶음밥이랑 같이 시키세요
동천홍 미금역 - 숙주 탕수육 무조건 시킬 것
마시타야 홍대 - 국물라멘 다 맛있음
우래옥 평양냉면 을지로 - 말해 뭐합니까 GOAT
칸다소바 잠실점 - 돼지껍데기 아부라소바 
(*맛있는데 돼지껍데기 양이 맹 많고 자칫 느끼할수도 있으니 친구랑 가면
돼껍라멘 하나 일반 라멘 하나 시켜서 둘이 돼지껍데기만 나눠드시길 추천)
하동관 명동 - 한우곰탕 굿 




 





-

비지니스 문의는 이쪽으로 👉🏽 haejoo@sandboxnetwork.net
감성가득 인스타그램 👉🏽  https://instagram.com/hae_jooooo_
미지의 그곳 해쭈 팬카페 👉🏽  https://m.cafe.naver.com/australiahaeju",https://www.youtube.com/watch?v=fhsrNqV54dM,2025-04-15T13:16:04Z,KR
gz3Lr4Mj4EA,"아옳이 vs 동생, 인생 체인지 24시간! 누가 더 힘들었을까?",아옳이,22,438627,6486,"여러분 오늘은 동생이랑 인생바꿔살기! 도전해봤어요
각자의 삶을 더 사랑하게된거같기도하고?!💖
오늘도 영상봐주셔서감사하구요
좋아요 알림 구독 부탁드려요 안녕~


⋱⋰ ⋱⋰ ⋱⋰ ⋱⋰ ⋱⋰ ⋱⋰ ⋱⋰ ⋱⋰ ⋱⋰ ⋱⋰ ⋱⋰


🎀 𝐈𝐧𝐬𝐭𝐚𝐠𝐫𝐚𝐦  @𝐦𝐢𝐧𝐲𝐨𝐮𝐧𝐠_𝐚𝐨𝐫𝐢
       ㄴ https://www.instagram.com/minyoung_aori

🎀 𝐇𝐲𝐮𝐧𝐣𝐢 𝐈𝐧𝐬𝐭𝐚𝐠𝐫𝐚𝐦 @𝐡_𝐲𝐮𝐧_𝐣𝐢_  @hyunjudy1 
      ㄴ https://www.instagram.com/h_yun_ji_

🎀 𝐋𝐨𝐚𝐫
      ㄴ https://www.loar.co.kr

🎀𝐋𝐨𝐫𝐝𝐋𝐨𝐚𝐫
      ㄴ https://www.lordloar.com


⋱⋰ ⋱⋰ ⋱⋰ ⋱⋰ ⋱⋰ ⋱⋰ ⋱⋰ ⋱⋰ ⋱⋰ ⋱⋰ ⋱⋰



𝐕𝐢𝐝𝐞𝐨 𝐒𝐨𝐮𝐫𝐜𝐞 𝐒𝐮𝐩𝐩𝐨𝐫𝐭


🎥𝑌𝑜𝑢𝑡𝑢𝑏𝑒 𝑐ℎ𝑎𝑛𝑛𝑒𝑙 ""𝑓𝑟𝑒𝑒𝑡𝑖𝑐𝑜𝑛""
     ㄴhttps://www.youtube.com/c/Freeticon

🎵𝑐𝑟𝑒𝑑𝑖𝑡
Thanks to 또또 (feat. 아옳이, 현주디)",https://www.youtube.com/watch?v=gz3Lr4Mj4EA,2025-04-15T10:00:58Z,KR
wzm7qleUAk8,"휠체어를 타고 난 후, 가장 행복했던 날",삐루빼로,22,384440,13525,"1일차
🔎 셋업 - 널디 https://link.coupang.com/a/coQMgB
🔎 휠체어 - 쿠쉘 맞춤 휠체어 http://tongilmall.co.kr/m/index.html? 
🔎 전동키트 - 토도웍스 https://todo-works.com/

2일차
🔎 의자 - 사이즈오브 https://m.brand.naver.com/sizeof/products/7115377895
🔎 잠옷 - 오끌레르 https://eauclair.kr/product/%EB%A1%9C%EB%A6%AC-%ED%8C%8C%EC%9E%90%EB%A7%88-set/1353/
🔎 라벨프린터 - 님봇 https://link.coupang.com/a/cbgCk0
🔎 머리띠 - 마리떼 https://product.29cm.co.kr/catalog/1389474?BSCCN1=1389474&utm_medium=display&BSPRG=NAVERSH&utm_content=conversion_navershopping&naver_code=naver_ep&utm_term=1389474&utm_source=growth_naver&utm_campaign=conversion_navershopping&BSCPN=CMCOM&NaPm=ct%3Dm9jicl9k%7Cci%3Dd485b64359dc341cc3c6196992642a896eab5fb5%7Ctr%3Dsls%7Csn%3D248430%7Chk%3D606a1f7ceaf6ab9fb0db383d518053d9e30ac001
🔎 상의 - UNIT 링크X


📍인스타그램 bbiru_unni https://instagram.com/bbiru_unni?igshid=fhw10rvrxx69
📍동생인스타그램 o4__27 https://www.instagram.com/o4__27?igsh=bHI0bm9lOTlkdWJp
📍문의 ctnqls11@gmail.com

#루게릭환자의 #행복한#회복생활",https://www.youtube.com/watch?v=wzm7qleUAk8,2025-04-16T09:11:23Z,KR
XutkoaeIoLM,1년만에 만난 세인이,수쩡민,22,161733,3884,,https://www.youtube.com/watch?v=XutkoaeIoLM,2025-04-16T14:58:23Z,KR
N_vYUNEktsA,[MV] TAK - '도깨비꽃' feat. 텐코 시부키,TAK / DORIDORI,10,446378,22745,"#TAK #텐코시부키 #도깨비꽃

𝗧𝗔𝗞 - 도깨비꽃 feat. 텐코 시부키

💿 Listen & Download : https://orcd.co/tak_dkbk

ㅡ
 
[Credits]

Music. TAK, xei
Lyrics. xei, TAK

Vocal. 텐코 시부키
Chorus. 텐코 시부키, xei, TAK, REQ, Pread, つくし

Guitar. Taewook Lee
Taepyungso. Pread

Direction / 3DCG / Composite. Nihe
Character Design / Illustration. sowiti
Main Animator. syo5
Effect Animator. Mami Sonokawa
Graphic Design. Reku
MV Producer. Yuki Kamiya

Design. 713

Produced by DORIDORI FRIENDS

▶𝗧𝗔𝗞 Instagram : https://www.instagram.com/tak_drdr
▶𝗧𝗔𝗞 X : https://twitter.com/TAK_DRDR

ㅡ

▾Lyrics▾

옛날 머나먼 그 어느 마을엔
맨날 요란요상한 일들의 투성이
짠하고 나타나 머리를 흔들어놔
이랬다 저랬다 도깨비

산 너머에도 그래 바다 건너도
신기한 이야기가 짠하고 들려와
그렇다면 또 찾아가볼 수 밖에

너의 두 눈에 날 담을래
네 이름을 알려줄래

피어나 이것 봐 무궁화 꽃이 피었습니다
뒤돌아 얼어버린 나를 바라보지마
부어라 마셔라 얼씨구 흥겹구나
갸우뚱 갸우뚱 아지랑이 도깨비불

자빠져라 이리로 오라
아이쿠 난 몰라 에헤라디야
이러다 어쩌나 타오른 꽃잎마저
갸우뚱 갸우뚱 아른아른 도깨비불

Hey hey hey 좋다
Hey hey

피어나라 도깨비불

Hey hey hey 좋다
Hey hey

연회의 시작이다!
금 나와라 뚝딱
은 나와라 뚝딱
붓으로 툭 북으로 쿵 이름은 도깨비
설레여라 얍

피어나 이것 봐 무궁화 꽃이 피었습니다
뒤돌아 얼어버린 나를 바라보지마
부어라 마셔라 얼씨구 흥겹구나
갸우뚱 갸우뚱 아지랑이 도깨비불

외로운 그 도깨비는 눈물 많은 도깨비일 뿐
갸우뚱 갸우뚱 이제부턴 네가 술래

여우와 호랑이 까마귀도 춤 추네

날카로운 눈빛 그래 알 수가 없지
너는 왜 너는 매일 지르고 모르쇠
시끄러운 비밀은 간직할 테니

너의 두 눈에 날 담을래
네 이름을 알려줄래

피어나 이것봐 무궁화 꽃이 저물어

어머나 무궁화 꽃이 피었습니다
뒤돌아 얼어버린 나를 바라보지마
부어라 마셔라 얼씨구 흥겹구나
갸우뚱 갸우뚱 아지랑이 도깨비불

자빠져라 이리로 오라
아이쿠 난 몰라 에헤라디야
이러다 어쩌나 타오른 꽃잎마저
갸우뚱 갸우뚱 아른아른 타오르는
우리 둘의 도깨비불

Hey hey hey 좋다
Hey hey

피어나라 도깨비불

Hey hey hey 좋다
Hey hey

피어나라 도깨비꽃

ㅡ

#DKBK #トッケビの花 #MV #TENKO_SHIBUKI",https://www.youtube.com/watch?v=N_vYUNEktsA,2025-04-15T09:00:17Z,KR
ZLG9fJuRR9A,"쌈무 vs 고기! 꿀맛 조합 둘이 서로 도도도, 도발하는 토크쇼 | 딱대 EP32 김채원",빠더너스 BDNS,23,1208310,25136,"#딱대 #르세라핌 #김채원

Special thanks to
홍지승 선수💪

0:00 힐링 토크쇼 딱대
0:13 오늘의 딱 맞는 게스트 : 르세라핌 김채원 님
1:17 '대천사' 김채원 '전사'로 만든 샘문
4:24 르세라핌 히트곡 메들리 하는 찐팬 샘문
7:18 신곡 ‘HOT’ 말아주는 김채원
8:37 [LOL PLAY]
8:47 [반려견과 견주 모임에서 만난 둘]
9:56 [신입 교생 선생님 채원과 고등학생 샘문]
11:30 [명절에 사촌동생 샘문과 만난 르세라핌 채원]
12:48 김채원 별명이 ‘쌈무’인 진짜 이유 with 최예나, 조유리
15:11 '손대면 like 피카츄' 개인기 하는 김채원
15:42 근세라핌 닉값하는 김채원 실압근
17:34 도화지 김채원과 도야지 샘문
18:24 “나 우울해서 빵 샀어”에 대답하는 T 채원
21:15 김뽀삐 김채원의 귀여운 ‘3대 습관’
22:22 김채원 선플 딱대
23:17 다음 딱 맞을 게스트 (츄)

Instagram @bdnspresents",https://www.youtube.com/watch?v=ZLG9fJuRR9A,2025-04-16T09:00:51Z,KR
s9EaUkYt0Vs,7년 동안 외동묘 가정으로 살던 우리가 애기 냥이 둘을 동반 입양한 이유,김쫀떡,15,297987,9111,"방문 너머로 애기들의 존재를 깨달은 김쫀떡....! 그리고 지난번 말씀 못 드렸던 입양 이유까지 가져왔습니당
📌 멤버십 오픈! 유튜브 댓글에서 쫀떡티콘 사용하러 가기 👉 https://me2.kr/HespN 
ㅡㅡㅡㅡㅡㅡㅡㅡㅡㅡㅡㅡㅡㅡㅡㅡㅡㅡㅡㅡㅡㅡㅡㅡㅡㅡㅡㅡㅡㅡㅡㅡ
- 인스타 @zzon_ddeok_cat
- '쫀떡' 이름의 유래 : 베스킨라빈스 쫀떡궁합과 색 비슷해서 지음
- 아메리칸 컬 (귀 펴져있음)
- 2018년 12월 30일 태어난 여자아이
ㅡㅡㅡㅡㅡㅡㅡㅡㅡㅡㅡㅡㅡㅡㅡㅡㅡㅡㅡㅡㅡㅡㅡㅡㅡㅡㅡㅡㅡㅡㅡㅡ

[BGM]
https://www.sellbuymusic.com/?utm_source=youtube&utm_medium=promo&utm_campaign=zzon_ddeok&utm_id=youtube_promo",https://www.youtube.com/watch?v=s9EaUkYt0Vs,2025-04-15T09:01:12Z,KR
D3csOwDDWcY,동대문 갔다가 재밌는 소품 만드는 자취일상. 텃밭 모종심고 봄 냉이김밥 만들기. 감동의 이사 선물,planD플랜디,22,580458,20762,"​🌷 @_plan_d
https://www.instagram.com/_plan_d/
안녕하세요 여러분 
이번 영상은 한번 나간김에 미팅, 동대문, 꽃시장 들렀다 오는 일상을 담았어요
오랜만에 봉숙씨랑 작은 소품도 만들고 재밌었습니다
아직 날씨가 변덕스럽네요 
감기 조심하시고 이번 영상도 편히 봐주세요

🥪영상에 나온것들🍲
오이 뽀미 │ 이사 선물 │  레뽀드라라
올딧세 │  동대문종합시장 │ 더드림 왕 수제핫바
추억의 야채빵 │  종로 꽃시장 │  치즈핫바
원팬 로제파스타 │ 티슈케이스 만들기 │ 휴지커버 만들기
강아지 티슈커버 │ 리본 휴지케이스 │ 모종심기
냉이김밥 │  냉이된장찌개

네이비 맨투맨 │  재롱이네 굿즈
트위드자켓 │  룩캐스트
이너 흰 골지티 │  얀13
데님 │  닐바이피
흰 가방 │   뮤니에_플리츠 숄더백


🍽키친투어 영상🍽 주방용품 정보는 여기 참고해주세요🥪
https://youtu.be/r6-if24Ldhg


컨텐츠 제작의 마무리는 컨텐츠플라이! 글로벌 진출을 위한 최고의 파트너,
CONTENTSFLY에서 제작되었습니다.
https://www.contentsfly.com",https://www.youtube.com/watch?v=D3csOwDDWcY,2025-04-15T11:23:11Z,KR
JNgap8yvXYk,"아갈다이어터의 딱 한달, 진심 다이어트 도전기 브이로그",이자반,22,182789,4735,"해동없이 바로 먹는 단백질 탑티어 채우닭, 여름준비 특가 최대 40%!💣
2.5만 리뷰가 인정한 실온 닭가슴살🐔부터 세상에 없던 실온계란 시리즈 채우란🐣까지
구독자 10% 추가할인받고 최저가로 득템하자!

🎁구독자 이벤트🎁
1. 채우닭 전제품 10% 할인(단 7일 오픈, ~04.22)
아래의 링크로 로그인시 쿠폰 자동발급 돼요!
https://bit.ly/4lAr8nq

2. 채우닭 식단풀패키지 선물세트 (5명)
이자반과 함께 채우닭으로 식단 시작하고 싶은 분들은 댓글로 채우닭 식단템을 받고 싶은 이유를 적어주세요! 
5분 추첨하여 채우닭 풀패키지 선물세트를 보내드립니다!

-

안녕하세요! 이자반입니다.
일본에서 올리다보니 업로드간 시간이 굉장히 오래 걸리네요....... 
기다려주신 많은 분들께 사과의 말씀 먼저 드립니다.

오늘은 유튜버 '고재영'님의 영상을 감명깊게 보고
나도 할 수 있을까 싶은 마음에
그냥 독하게 다이어트를 한번 해봤습니다.

하면서 방황을 마치고
나름대로 찾아온 여러 위기(?)라고 부르기는 뭐하지만..
각종 사건들을 정리해나가고 이겨냈던 것 같아요.

결과는 살짝 아쉬웠지만,
꾸준히 운동하면서 더 멋진 몸 만들어보겠습니다.

금일 영상은 '채우닭'이라는 브랜드의 협찬을 받아 만들어진 영상인데요!
실온보관 다이어트 식품들 덕분에
반지하 자취방 원룸 안에서도 나름 괜찮은 성과를 낼 수 있었던 것 같아요.

닭가슴살도 닭가슴살이지만 계란을 워낙 좋아해선지
개인적으로는 채우란 실온보관 계란볶이를 너무 맛있게 잘 먹었습니다.
많이들 여쭤봐주신 그 비법(?)이 다 여기 있으니...
구매간 참고하시길 바라겠습니다.

그리고 여러분들 덕분에 이런 광고도 받게 해주시고,
언제나 과분한 사랑 주시는 구독자님들께 감사의 말씀 드립니다.
감사랑합니다. 행복하세요!

비즈니스 이메일
dragonizi@sandboxnetwork.net

촬영장비
오즈모 액션 5 프로 / iPhone 14 pro",https://www.youtube.com/watch?v=JNgap8yvXYk,2025-04-15T11:00:03Z,KR
6keWS815RAM,집나가고 있는 꿀벌무리에서 여왕벌을 잡아버린 양봉업자,프응TV Honeybeefather,22,397263,5607,"이걸 잡네;;

비즈니스문의: sph-w4100@naver.com
https://www.instagram.com/honeybeefather/",https://www.youtube.com/watch?v=6keWS815RAM,2025-04-14T15:09:47Z,KR
dxCWwhY9TPQ,"태풍주의보, 휴교 그리고 우리 집에 방문한 캥거루",카야라니 [KaiaLani],22,137364,2786,,https://www.youtube.com/watch?v=dxCWwhY9TPQ,2025-04-14T10:59:21Z,KR
qBEyOXNVSkg,귀촌 30대...이사갑니다,리틀타네의 슬기로운 생활,22,383047,10585,놀라셨나요..?ㅎㅎ 귀촌 4년차에 이사하게 됐습니다.. 인생은 참 알 수 없군요.. 관심 있으신 분들은 littletanehouse@gmail.com 으로 연락 주세요!,https://www.youtube.com/watch?v=qBEyOXNVSkg,2025-04-14T11:23:06Z,KR
DzESgrdXK7U,“뉴욕의 주인은 이정후” 현지 팬들과 언론의 반응은? | DKTV,DKTV Daniel,17,239556,6927,"뉴욕 양키스와의 3연전 마지막 경기에서 메이저리그 첫 멀티 홈런 경기를 기록한 바람의 손자 이정후! 현지 팬들과 언론의 반응은 어땠을까? 미친 퍼포먼스 그리고 미친 현지 반응 총정리!

danielkimww@gmail.com.   

#DKTV #이정후 #현지반응 #현지언론 #메이저리그",https://www.youtube.com/watch?v=DzESgrdXK7U,2025-04-13T22:29:08Z,KR
