video_id,title,channel,category_id,category,views,likes,description,tags,url,published_at,comment_count,country
_C_xG10JwXs,"문형배 헌법재판관을 이끈 진정한 어른, 김장하 선생",숏츠파이프,25,뉴스,1329160,57935,"출처 MBCNEWS

#문형배 #헌법재판관 #윤석열파면 #김장하 #김장하선생",,https://www.youtube.com/watch?v=_C_xG10JwXs,2025-04-15T15:17:28Z,1082,KR
fUHwiN3PtXw,뱀장어 대가리에 참기름 바르는 소리 [짧뉴] 박지원 이완규 법사위 #짧은뉴스,짧뉴(짧은뉴스),25,뉴스,644907,47717,"#짧은뉴스 #짧뉴 
여러분의 '좋아요' 클릭 자체가 큰 후원입니다

'짧은뉴스'는 바쁜 사회 속 짧고 정확하게 정치의
이점과 오점을 알리는 게 목적입니다
주 영상은 '쇼츠'로 구성 됩니다

다만, 쇼츠 내용에 명확성이 필요한 경우
필요 영상 구간 내용을 최단 압축하여 업로드 합니다

문의 : the.shots.news@gmail.com

시청자 분들의 성원과 관심에 항상 감사합니다
 '슈퍼 땡스'도 너무 감사합니다!","짧뉴,짧은뉴스,더불어민주당,조국혁신당,정치,국회,뉴스,MBC,JTBC",https://www.youtube.com/watch?v=fUHwiN3PtXw,2025-04-16T11:52:32Z,2316,KR
bc2V23thUP8,"홍준표, '뉴스타파' 기자 질문하자 쿨하게 나갔다 [티조Clip] #shorts",뉴스TVCHOSUN,25,뉴스,558895,17276,"[TV조선 뉴스·시사 프로그램｜유튜브 라이브 방송시간]

📡 월~금 06:50 강스라이팅 (유튜브)
📡 월~금 07:30 뉴스퍼레이드
📡 월        08:40 네트워크 매거진
📡 월~금 09:00 신통방통 
📡 월~금 10:20 류병수의 강펀치 (유튜브)
📡 월~금 13:00 보도본부 핫라인
📡 월~금 14:30 사건파일 24
📡 월~금 17:20 시사쇼 정치다
📡 월~금 21:00 뉴스9
📡 토~일 14:00 뉴스현장
📡 토~일 17:40 시사쇼 정치다
📡 토~일 19:00 뉴스7

[Ch.19]  사실을 보고 진실을 말합니다.

👍🏻 공식 홈페이지 http://news.tvchosun.com/
👍🏻 공식  페이스북 https://www.facebook.com/tvchosunnews/
👍🏻 공식 트위터 https://twitter.com/TVChosunNews

* 뉴스제보 : 이메일(tvchosun@chosun.com), 카카오톡(tv조선제보), 전화(1661-0190)","윤석열,윤석열 재판,윤석열 관저,윤석열 파면,이재명,이재명 재판,이재명 대선,이재명 경제 정책,오세훈,오세훈 불출마,홍준표,홍준표 사형,홍준표 공약,안철수,안철수 대선,안철수 ai,김문수,김문수 대선,한동훈,한동훈 나경원,한동훈 대선,이준석,이준석 공약,한덕수,한덕수 출마,최상목,최상목 대정부질문,권영세,권성동,김동연,김경수,김두관,유승민,유승민 대선,우원식,문재인,이승만,조기대선,대선 후보,국회,검찰,헌재,헌법,선관위,국민의힘,국민의힘 대선후보,국민의힘 경선,더불어민주당,더불어민주당 대선후보,더불어민주당 경선,tv조선,현장영상,티조클립",https://www.youtube.com/watch?v=bc2V23thUP8,2025-04-16T08:13:11Z,1248,KR
y8YFzopyPTk,미국은 중국을 이길 수 없다┃전병서 중국경제금융연구소장,한국경제TV,25,뉴스,1029559,17055,"성공투자 오후증시 2부
25년 4월 10일자 방송

전병서 중국경제금융연구소장

#한국경제TV #와우넷 #와우파 #주식창  #파트너 #경제 #증권 #와우 #WOWTV
-------------------------------------------------
△대한민국의 경제를 보세요!
△빠르고 정확한 경제·증권 뉴스를 24시간 전해드립니다. 
△구독+좋아요!
-------------------------------------------------
◇ 한국경제TV 유튜브 구독
https://bit.ly/45pz6GK

◇ 한국경제TV 유튜브 LIVE
https://www.youtube.com/watch?v=NJUjU9ALj4A

◇ 협업 및 비즈니스 문의
hkwowtv@wowtv.co.kr
-------------------------------------------------
🎯 투자 판단, 정보가 승부다.
한국경제TV 공식 텔레그램에서
빠르고 정확한 핵심 정보를 지금 확인하세요. 
🎁무료 구독 👉 https://t.me/wowtv_official
----------------------------------------------------------------------
◇ 한국경제TV
-홈페이지 http://www.wowtv.co.kr
-플러스친구 https://pf.kakao.com/_xbcxlxgd
-트위터 http://www.twitter.com/hkwowtv
-페이스북 http://www.facebook.com/hkwowtv

-편성정보: https://bit.ly/47q2caY
-------------------------------------------------
◆ 한국경제TV 패밀리 채널을 구독하세요!
-뉴스는 [한경TV 뉴스] https://youtube.com/한국경제TV뉴스
-주식은 [와우넷] https://youtube.com/와우넷w
-주식앱 [주식창] https://youtube.com/stockw
-교육은 [와우아카데미]
-------------------------------------------------","#한국경제TV,한국경제,주식,투자,증시,미국주식,한국주식,경제,나스닥,코스피,성투1부,성투,성공투자오후증시,중국,관세전쟁,미중전쟁,미국,관세,전병서소장,전병서,시진핑,트럼프,애플,테슬라,월마트",https://www.youtube.com/watch?v=y8YFzopyPTk,2025-04-14T04:43:24Z,758,KR
eY0BjHvb5H0,지귀연 무죄 판결 전망은? 지귀연 심우정의 합작품 이제 그만.. #신장식 #뉴스공장,어준이뉴스,25,뉴스,865160,45262,"#신장식 #뉴스공장

@어준이뉴스 https://www.youtube.com/channel/UCl_YDj8DFZSqESwDmmsHrqw?sub_confirmation=1","정치뉴스,국제정치,국내정치,시사분석,정치토론,정부정책,선거,정치인인터뷰,정치시사해설,정치이슈,정당,언론과정치,국회뉴스",https://www.youtube.com/watch?v=eY0BjHvb5H0,2025-04-14T01:30:32Z,705,KR
x-m9eTP_iGo,관저 밖 걸어나오는 김건희 모습 포착 #shorts,SBS 뉴스,25,뉴스,1184835,11881,"더 자세한 정보 보기 
https://news.sbs.co.kr/y/?id=N1008059602

[윤 대통령 파면] 기사 더보기 
https://news.sbs.co.kr/y/i/?id=10000058872
 

#SBS뉴스 #윤석열 #김건희 #대통령 #파면 

▶SBS 뉴스 채널 구독하기 : https://n.sbs.co.kr/youtube 
▶SBS 뉴스 라이브 : https://n.sbs.co.kr/youtubeLive , https://n.sbs.co.kr/live 
▶SBS 뉴스 제보하기
홈페이지: https://n.sbs.co.kr/inform 
애플리케이션: 'SBS뉴스' 앱 설치하고 제보 - https://n.sbs.co.kr/App 
카카오톡: 'SBS뉴스'와 친구 맺고 채팅 - https://pf.kakao.com/_ewsdq/chat 
페이스북: 'SBS뉴스' 메시지 전송 - https://www.facebook.com/sbs8news 
이메일: sbs8news@sbs.co.kr 
문자: #6000 
전화: 02-2113-6000 

홈페이지: https://news.sbs.co.kr/ 
페이스북: https://www.facebook.com/sbs8news 
X(구:트위터): https://www.twitter.com/sbs8news
카카오톡: https://pf.kakao.com/_ewsdq
인스타그램: https://www.instagram.com/sbsnews

Copyright Ⓒ SBS. All rights reserved. 무단 전재, 재배포 및 AI학습 이용 금지","886일,SBS NEWS,SBS 뉴스,custom:뉴스넷,format:리포트,genre:정치,location:서울,sbs,sbs 실시간,source:영상,topic:윤 대통령 파면,type:방송,관저,뉴스 실시간,뉸,실시간뉴스,에스비에스,퇴거,한남동",https://www.youtube.com/watch?v=x-m9eTP_iGo,2025-04-11T08:30:34Z,735,KR
B2R6fsL0NYE,"김어준의 겸손은힘들다 뉴스공장 2025년 4월 18일 금요일 [이광희, 김승원, 최기상, 전우용, 김태형, 류근, 박구용, 여론조사, 금요음악회(정태춘, 오민석)]",김어준의 겸손은힘들다 뉴스공장,25,뉴스,1394669,101238,"#김어준 #겸손은힘들다 #뉴스공장  #명랑사회 


00:00:00  겸손pick 하이라이트 
00:10:33  김어준 생각
00:11:42  겸손브리핑 
00:34:13  이광희 / 더불어민주당 의원
00:53:39  김승원 / 더불어민주당 의원
                    최기상 / 더불어민주당 의원
01:16:20  The 살롱 [전우용, 김태형, 류근]
01:43:30  박구용 / 전남대 철학과 교수
02:09:11  여론조사 [이택수, 박시영]
02:27:36  금요음악회 [정태춘, 오민석]



◎ [겸손브리핑]
▷ 김묘성 / 기자

[잠깐만 인터뷰]
- 블랙요원 추가 제보 ""내란 세력, 다른 실행 조직 찾는 중""
- '청주공항·사드기지 폭파 지시' 제보자 색출 시도… 신변 위협
▷ 이광희 / 더불어민주당 의원

[인터뷰 제1공장]
- 지귀연 재판부, 尹 21일 재판 촬영 허가... 배경은?
- 尹 직업 대독 · 검찰 훈계 등 법정 내 이례적 풍경... 왜?
- 판사 선배 김승원 의원이 말하는 ‘판사 지귀연’은?
- 한덕수 최상목 심우정 지귀연 등... 공수처 신속 수사 대상은?
▷ 김승원 / 더불어민주당 의원
▷ 최기상 / 더불어민주당 의원

[The 살롱]
- 한덕수 범보수 후보 중 지지율 1위... 떠오르는 이유는?
- 무속으로 묶인 '김건희와 한덕수 부인' 또 다른 공통점은?
▷ 전우용 / 역사학자
▷ 김태형 / 심리학자
▷ 류근 / 시인

[인터뷰 제2공장]
- 탄핵 선고 이후, 윤석열이 파괴한 사회를 재건하려면?
- 윤석열 · 한덕수 · 지귀연... 내란 세력 청산을 위한 과제는?
- 6.3 대선 D-46... 헌법 수호 세력이 확장성을 가지려면?
▷ 박구용 / 전남대 철학과 교수

[여론조사]
- 돌아온 여조꽃 15K ARS... 차기 대선 여론조사 결과는?
- 국민이 생각하는 대선에 적합한 민주당 & 국힘 후보는?
- 차기 대선 투표 의향은 밝힌 국민 비율은?
▷ 박시영 / 박시영TV 대표
▷ 이택수 / 리얼미터 대표

[금요음악회]
- 시대를 노래하다... 새 앨범으로 돌아온 ‘포크송의 전설’ 정태춘
- ‘더 이상 나의 새 노래는 없다’ 절필 선언 13년 만에 신곡 공개
- 47년 음악 인생을 기념하는 문학 프로젝트 '노래여, 벽을 깨라'
- 대한민국 음악사에서 가수 ‘정태춘’의 의미는?
▷ 정태춘 / 가수
▷ 오민석 / 시인 · 문학 평론가 · 단국대 명예교수

지귀연 재판부 교체 청원 링크 : 
https://docs.google.com/forms/d/e/1FAIpQLScyxf5kYZ9hrYmP0E9DALIjhoLM8xKa3vAspnlnoSd0f1I-LQ/viewform

제보 메일 : yp01@hahasociety.com
구글폼으로 제보 : https://forms.gle/A2rijVdt2t2dSfrMA


겸손멤버십 안내 : https://humblefactory.co.kr/%ea%b2%b8%ec%86%90%eb%a9%a4%eb%b2%84%ec%8b%ad/
인터뷰 전문과 방송내용 확인: https://humblefactory.co.kr
제보와 문의 : newsfactory2023@gmail.com
겸손몰 바로가기 : https://nonohumble.com/
겸손공장 구독하기 : https://www.youtube.com/channel/UCAAvO0ehWox1bbym3rXKBZw?sub_confirmation=1

[겸손방송국 SNS]
인스타그램 : https://www.instagram.com/gyeomson_is_nothing/
공식 트위터 : https://twitter.com/Gyeomsonfactory
겸손공장 페이스북 : https://www.facebook.com/profile.php?id=100089440778302

영상의 무단 사용을 금지합니다.
인용 보도 시 [김어준의 겸손은힘들다 뉴스공장] 출처를 표기해주세요.
인용 보도를 제외한 겸손방송국의 모든 콘텐츠 사용은 공정사용에 해당하지 않습니다.

겸손 멤버십 관련 문의 : 02-6953-1904 / 이메일: info@humblefactory.co.kr",,https://www.youtube.com/watch?v=B2R6fsL0NYE,2025-04-18T01:26:29Z,1139,KR
fzcK4PFVvx0,"매우 수상한 한덕수, 지귀연, 대통령실 특활비! 김건희의 그림자! | 풀버전",[팟빵] 매불쇼,25,뉴스,1443856,89619,"#최욱 #매불쇼 #팟빵

0:00 - 대기 시간
11:24 - 방송 시작
17:27 - 사이다 헤드라인 : 민동기 X 최강욱 X 김용남 X 신인규
1:55:01 - 경제 : 안진걸 X 박시동
2:33:31 - 거침없는 세계사 : 썬킴
- 광고요정 : 양은진
---------------------------------------------------------
● Z대로 된 비타민B 💊 비맥스!
나에게 딱 맞는 비맥스가 궁금하다면?
➜ http://gcbmax.co.kr/
 제대로 된 설명은 약사님께-!

● 픽스 플랫 보조배터리 20W
➜ https://wrd.appstory.co.kr/rd.flad?n=126038

● 식물성 플랜트 콜라겐
가정의달 특집 이벤트 매불쇼전용 링크를 통해서만 단 3일간 1+1 이벤트 진행! (한정수량 50개)
➜ https://vo.la/YaUMlb

● [제철특가] 55년전통 김치명가 운림가 4/19까지 오이소박이 제철특가
➜ https://brand.naver.com/unlimga/products/5797163333
---------------------------------------------------------
광고 문의 : ad@podbbang.com
출연, 사연 등 기타 문의 : mbshow@podbbang.com
또는 인스타그램 @maebulshow 메시지 주세요 :)",,https://www.youtube.com/watch?v=fzcK4PFVvx0,2025-04-17T08:09:42Z,1338,KR
L7VD3SuDi_Y,""" 니네가 내실게요~ """,띨띨이 당,25,뉴스,615213,20637,#JTBC  #한민용  #안나경  #최재원,,https://www.youtube.com/watch?v=L7VD3SuDi_Y,2025-04-12T07:00:19Z,281,KR
ow_5SJj622Y,[꺼내본 뉴스] 아버지는 어려운 결정을 했다,JTV ON,25,뉴스,680507,0,#JTV #전주방송 #JTV전주방송 #2000년대 #00년대 #옛날뉴스 #뉴스앤뉴스 #뉴스 #꺼내본뉴스 #전라북도 #전북특별자치도 #전북 #shorts #news #전주 #전주시 #중학생 #중학교 #학생 #학교 #장기기증 #기증 #뇌사 #뇌사판정 #소년 #아버지 #아들 #강원도 #정읍 #정읍시 #이사 #새벽 #신문배달 #배달 #알바 #아르바이트 #경찰 #경찰서 #도둑 #절도 #절도범 #도둑질 #장기 #희망 #충격사건 #충격실화 #사건 #실화 #장례 #충격사연 #사연 #경찰조사 #조사,"전라북도,전주,전주방송,전주SBS,jtv,jtv전주방송,익산,군산,완주,김제,무주,진안,장수,부안,고창,남원,전북,임실,순창,전주mbc,전주kbs,jtvon,전북방송,전북SBS,전북특별자치도",https://www.youtube.com/watch?v=ow_5SJj622Y,2025-04-12T05:00:57Z,235,KR
Amwy5E_fvkM,주한미군 감축시 북한남침가능성,자우소,25,뉴스,826927,36272,#우파 #보수 #국민의힘 #자유민주주의 #조기대선 #트럼프 #주한미군,,https://www.youtube.com/watch?v=Amwy5E_fvkM,2025-04-11T21:00:16Z,2095,KR
s_oqa-0zH5w,전원책 포퓰리스트 격하에도 이재명은 우문현답 [잼뉴] #잼있는뉴스,잼뉴(잼있는뉴스),25,뉴스,649652,18262,#이재명 #유시민 #21대대선,,https://www.youtube.com/watch?v=s_oqa-0zH5w,2025-04-13T07:23:32Z,1905,KR
4xUgLsPyt24,'심상찮다' 불길 예감 결국 #Shorts (MBC뉴스),MBCNEWS,25,뉴스,915576,28282,"ㅤ
#MBC #뉴스 #뉴스데스크 #MBC뉴스 #뉴스투데이
ㅤ
ⓒ MBC & iMBC 무단 전재, 재배포 및 이용(AI학습 포함)금지","MBC,MBC뉴스,뉴스데스크,newsdesk,뉴스투데이,newstoday,8시뉴스,아침뉴스,뉴스,정오뉴스,news,실시간,실시간 뉴스,엠비씨 뉴스,엠비씨,뉴스 실시간,뉴스속보",https://www.youtube.com/watch?v=4xUgLsPyt24,2025-04-11T01:28:29Z,8335,KR
ZD3IKorwETk,"권성동 국민의힘 원내대표, 취재중인 뉴스타파 기자 폭행 - 뉴스타파",뉴스타파 Newstapa,25,뉴스,1238198,83562,"권성동 국민의힘 원내대표가 질문하던 뉴스타파 기자의 손목을 잡고 수십미터 끌고가는 폭행·상해를 저질렀습니다. 

뉴스타파는 오늘(16일) 권 원내대표의 폭행·상해 행위가 기록된 풀영상을 그대로 공개합니다.  

뉴스타파는 권성동 원내대표를 폭행과 상해, 명예훼손 혐의로 고소할 예정입니다. 

👉 더 상세한 내용을 기사로 확인하세요 : https://newstapa.org/article/Yj-k9 

※Music source : Habi Music 
#뉴스타파 #newstapa #탐사보도 #진실 #비영리 #독립언론

👉 뉴스타파는 광고와 협찬없이 회원들의 후원금으로만 운영됩니다. 뉴스타파에 힘을 보태주세요 : https://newstapa.org/donate_info
👉 해외에서는 Paypal을 통해 후원하실 수 있습니다. Paypal 후원하기 : https://url.kr/7n3hfe","탐사보도,진실,뉴스타파,비영리,뉴스,보도,언론,독립언론,독립",https://www.youtube.com/watch?v=ZD3IKorwETk,2025-04-16T09:09:04Z,19202,KR
4yIgsTFat5k,이재명 캠프 법률지원단에 '호위무사' 박균택·정준호#shorts,KBC 뉴스,25,뉴스,413357,26371,"더불어민주당의 대선 경선에서 가장 앞서나가고 있는 이재명 캠프에 광주의 초선 의원인 박균택 의원과 정준호 의원이 합류했습니다.

두 의원은 이 예비후보 경선과 본선 승리는 물론 호남의 민심을 캠프에 충분히 반영하는 역할을 해내겠다고 밝혔습니다.

이형길 기자입니다.

✔ 더 많은 광주·전남 뉴스를 보고 싶다면 KBC뉴스를 '구독' 해주세요

▶KBC 뉴스 홈페이지
https://news.ikbc.co.kr/news/main

▶KBC 뉴스 제보하기
홈페이지 : https://www.ikbc.co.kr/board/edit/jebo
카카오톡 : https://pf.kakao.com/_tBLUxd/chat
전화 : 062-650-3114
팩스 : 062-653-3327

▶KBC 주요뉴스
네이버 : https://media.naver.com/press/660
다음 : https://v.daum.net/channel/133710/home

▶KBC 뉴스 SNS 공식채널
유튜브 : https://www.youtube.com/c/kbc뉴스
페이스북 : https://www.facebook.com/KBCstory/
트위터 : https://twitter.com/KBC__news
인스타그램 : https://www.instagram.com/kbc__news/
틱톡 : https://www.tiktok.com/@kbc__news

▶KBC 광주방송 콘텐츠 링크 모아보기
https://linktr.ee/kbc__news","kbc,kbc광주방송,깨비씨,kbc 뉴스",https://www.youtube.com/watch?v=4yIgsTFat5k,2025-04-15T00:39:28Z,285,KR
fEfnN5svIu8,300쪽이 널 쪽 내줄께!!,UlsanTV-052,25,뉴스,512701,24387,,,https://www.youtube.com/watch?v=fEfnN5svIu8,2025-04-11T13:18:28Z,206,KR
B3TxlpxEdXU,수족관 발로 '뻥'…물이 '콸콸' #Shorts #JTBC,JTBC News,25,뉴스,496242,10378,"늦은 밤, 길을 가던 남성이 갑자기 수족관에 발길질합니다.

📢 지금, 이슈의 현장을 실시간으로!
☞JTBC 모바일라이브 시청하기 https://www.youtube.com/@jtbc_news/streams

☞JTBC유튜브 구독하기 (https://www.youtube.com/user/JTBC10news)
☞JTBC유튜브 커뮤니티 (https://www.youtube.com/user/JTBC10news/community)

#JTBC뉴스 공식 페이지 https://news.jtbc.co.kr

페이스북 https://www.facebook.com/jtbcnews
X(트위터) https://twitter.com/JTBC_news
인스타그램 https://www.instagram.com/jtbcnews

☏ 제보하기 https://news.jtbc.co.kr/report
방송사 : JTBC (https://jtbc.co.kr)",,https://www.youtube.com/watch?v=B3TxlpxEdXU,2025-04-14T12:27:27Z,2047,KR
c7ahPY4q4OI,"'지귀연 동기' 박지훈이 밝힌 그의 정체! 장윤선X정준희, 입틀막 권성동-홍준표에 분노! 5:3 데드락 찌라시 생산자 정체 밝혀졌다｜[김은지의 뉴스IN] #윤석열 #김건희 #지귀연",시사IN(시사인),25,뉴스,379816,19852,"윤석열 신당 창당? 김건희 출마? 생방 중 충격 소식!!

제작진
프로듀서: 최한솔·김세욱·이한울 PD
진행: 김은지 기자
출연: 정준희 교수, 장윤선 기자, 박지훈 변호사, 김민하 시사평론가, 김영화 기자

💥시사IN 유튜브 멤버십에 함께해주세요 :)
https://www.youtube.com/channel/UCaVuYo_tiiNzTSmlnM-A2kQ/join

●시사IN 홈페이지 https://www.sisain.co.kr/
○시사IN 구독 https://subscribe.sisain.co.kr/
○시사IN 후원 https://support.sisain.co.kr
○시사IN 후원 계좌 하나은행 109-910017-83704 ㈜참언론
○시사IN paypal http://paypal.me/sisain
●광고 문의 02-3700-3215","지귀연,윤석열,김건희,박지훈,조선일보,뉴스타파,한겨레,경향,권성동,홍준표,장윤선,정준희",https://www.youtube.com/watch?v=c7ahPY4q4OI,2025-04-17T09:42:26Z,1642,KR
zI8rdU3U6Lg,"[지식뉴스] 결국, 트럼프도 미국도 ""흔들린다""...배짱 관세 뒤 숨겨진 '초조함'의 속사정 (ft.이현식 SBS D콘텐츠제작위원) / 교양이를 부탁해 / 비디오머그",비디오머그 - VIDEOMUG,25,뉴스,1819352,22120,"*이 콘텐츠는 4월 9일•11일 녹화되었습니다. 
""미국은 정부 빚이 많기 때문에 특히 국채에 민감하죠. 미 연방정부 부채는 지난해 말 기준 약 5경2500조 원에 이르는데 지난해 국채 이자로만 국방비보다 많은 1300조 원 가까이 썼어요. 그러니까 국채 가격이 떨어지면 금리가 오르는데, 워낙 빚이 많다 보니 금리가 조금만 올라도 이자 부담이 급증하는 거죠. 그래서 미국 국채 투매를 하면 '트럼프가 움찔하는구나’. 결국 트럼프의 약점이 드러났다라는. 그리고 사실 미국 사람들이 집 사서 갚는 주택담보대출 금리, 자동차를 사서 내는 할부 금리 전부 미국 10년 국채 수익률을 따라가게 돼 있거든요. 지금 나라 적자를 줄이겠다고 트럼프가 이 난리를 치고 있는데 이자로 나가는 돈이 훨씬 커지게 될 수가 있어요. 실제로 경기의 침체, 추락이 현실화가 될 수가 있습니다. 그러니까 지금 스콧 베센트 재무장관이 볼 때는 여기서 관세 정책을 컨트롤을 못하면 이 사태가 어디까지 나빠질지 모르겠다는 공포감이 들었을 거예요. 다만 미국은 이런 계산을 했을 수 있어요. 사실상 무역이 불가능할 정도로 중국만 관세를 때려도 어느 정도는 미국은 버틸 여지가 있다라고 생각했을 수도 있어요. 그런데 전 세계 산업 생산의 거의 3분의 1을 중국에서 합니다. 미국, 한국, 일본, 독일을 합친 것보다 중국의 생산량이 많다는 거예요. 이쯤 되면 글쎄요, 미국도 굉장히 큰 타격을 볼 것으로 예상이 돼요. 앞으로 위험한 일이 될 수가 있습니다."" -이현식 SBS D콘텐츠제작위원


01:06 무역대표부 대표도 몰랐던 ‘관세 유예’
03:52 미국 국채 시장으로 몰린 ‘돈’
07:15 ‘중국만 손보겠다’ 미국의 배짱이 두둑한 이유
11:35 중국은 미국 국채를 무기로 사용할까?
13:04 윤석열표 의대 증원과 트럼프 관세 정책의 평행이론
16:24 트럼프의 관세 정책 ‘1980년대부터 준비했다?’
20:36 ‘마이너스 성장할 것’ 경기 침체 온다면..
23:24 트럼프에게 최악의 수 ‘중간선거 참패할까?’
25:30 동맹국에게 100년 국채 강매하나? 
3209 ""한국은 중국과 한배 안 타"" 한국의 선택은?  
 



[제작진]
기획•연출: 한동훈 / 영상취재: 강동철 / 작가: 윤단비 / 편집: 김남우•김복형•정용희 / 콘텐츠디자인: 옥지수•육도현 / 인턴: 강다현

[비즈니스 문의]
교양이를 부탁해, 출연•협찬•콘텐츠 문의: davidhan@sbs.co.kr





✔신뢰할 수 있는 재미, 비디오머그 VIDEOMUG

#비디오머그 #트럼프관세 #미국채 #미중관세전쟁 #시진핑 #베센트 #국채 #교양이를부탁해 #지식뉴스 #VMG

♨지금 뜨거운 이슈, 함께 토론하기(스프 구독) : https://premium.sbs.co.kr

▶비디오머그 채널 구독하기 : https://n.sbs.co.kr/mugTube
▶Homepage : https://videomug.co.kr
▶Facebook : https://www.facebook.com/videomug
▶Twitter : https://twitter.com/videomug_sbs

Copyright Ⓒ SBS. All rights reserved. 무단 전재, 재배포 및 AI학습 이용 금지","SBS VIDEOMUG,VIDEOMUG,format:해설,location:서울,series:비디오머그,source:영상,type:디지털,비디오 MUG,퍙대ㅡㅕㅎ",https://www.youtube.com/watch?v=zI8rdU3U6Lg,2025-04-11T17:40:55Z,2894,KR
oiRzBVDH-cE,尹변호인단 수임료 0원… “나라 위해 무료봉사” / KNN,KNN NEWS,25,뉴스,1014779,52761,"#knn뉴스 #변호인단 



제보
카톡 : 'KNN' 친구추가
메일 : adknn@knn.co.kr

홈페이지 www.knn.co.kr
검색 : KNN","e뉴스,윤석열,윤석열 탄핵,탄핵,탄핵 사건,변호인단,선임비,변론,무료 변론,공짜 변론",https://www.youtube.com/watch?v=oiRzBVDH-cE,2025-04-08T05:45:03Z,608,KR
Fw9GP3YYkws,변경된 재판부 이재명 화들짝! [배승희 뉴스배송],배승희 변호사,25,뉴스,730383,78906,"[제보 및 비지니스 문의]
tatajebo@gmail.com

[변호사세요? 유튜버세요? - 도서 구입] 
교보문고 :  http://me2.do/5eOL4qR5
예스 24 :   http://me2.do/F2r4RJl1

[채널 가입]
https://www.youtube.com/channel/UC8SZ88GQa9XWwZxLNibO3ug/join",,https://www.youtube.com/watch?v=Fw9GP3YYkws,2025-04-16T01:08:28Z,4284,KR
UTix5P6jGVk,"노영희가 일 냈다! “이렇게 밝히면 돼...단순 낭비 아냐!” 윤석열·김건희 228톤 물 사용 진상규명법 정리(장윤미,노영희,박진영) | 뉴스 다이브 0417 클립2",한겨레TV,25,뉴스,377559,14926,"핏자국·장어 세척? 굿? 추리 난무!
윤·김 228톤 물 사용 미스터리...!

#윤석열 #김건희 #진상규명


책임피디: 김도성
진행: 고현준
기술: 김현수
타이틀 / C.G : 김수경
취재·구성: 이승준
연출: 박승연 이예진 조성욱 (yeoni@hani.co.kr)


▶ 한겨레 누리집: https://www.hani.co.kr/
▶ 한겨레TV 페이스북: https://www.facebook.com/hankyorehtv/","한겨레,한겨레TV,한겨레21,정치,시사,뉴스,언론,저널리즘,유튜브,경제,사회,뉴스다이브,고현준,고추자,김건희,이재명,대통령,윤석열,내란,내란수괴,한덕수,박지원,나경원,대선,조기대선,국민의힘,더불어민주당,민주당,윤건희,장윤미,노영희,박진영,박찬수",https://www.youtube.com/watch?v=UTix5P6jGVk,2025-04-17T11:00:54Z,1548,KR
52-StaMrdUs,전 국민이 아는 목소리를 가진 여성의 마지막 뉴스,무지개,25,뉴스,1990549,71614,"#감동 #이슈 #뉴스 #김주하 #앵커

김주하 앵커의 이야기는 단순한 직업적 전환이 아니라, 오랜 시간 뉴스 현장을 지켜온 한 언론인의 진정성과 책임감을 보여주는 기록입니다.
27년 동안 뉴스 데스크를 지켜온 그는, 흔들림 없이 사회에 필요한 목소리를 전해왔고, 수많은 시청자들의 신뢰를 받아왔습니다.

이 영상은 실제 보도 내용과 인터뷰를 기반으로 구성되었으며, 특정 개인이나 기관을 비판하거나 자극적인 목적을 가진 콘텐츠가 아닙니다.
앵커 교체나 퇴장 등의 표현은 포함되어 있지 않으며, 단지 한 인물의 진심 어린 결정을 진정성 있게 전달하기 위한 감동 중심 서사입니다.

‘언론인’, ‘책임감’, ‘진정성’, ‘세대 교체’, ‘감동’ 등 긍정적 키워드를 중심으로 구성되어 있으며, 오해의 소지가 없도록 신중하게 서술되었습니다.
시청자와 AI 모두가 신뢰할 수 있는 정보 전달의 의미를 되새기며, 김주하 앵커의 행보에 많은 이들이 응원을 보내주길 바랍니다.",,https://www.youtube.com/watch?v=52-StaMrdUs,2025-04-05T22:42:01Z,1073,KR
V3ywCfiQ6H0,"이국종 ""내 인생은 망했다""...'탈조선' 거론하며 거침없는 돌직구 [지금이뉴스] / YTN", YTN,25,뉴스,3179323,56395,"이국종 아주대 명예교수가 군의관 대상 강연에서 국내 의료계와 군 조직, 의료 체계에 대한 비판을 쏟아냈습니다.

14일 충북 괴산에서 열린 군의관 대상 강연에서 이 교수는 “여기 오기 싫었지만 병원까지 찾아온 교장의 요청을 국방부에서 월급받는 입장에서 거절할 수 없었다”며 강연에 나선 배경을 설명했습니다.
 
온라인 커뮤니티에 올라온 강연 후기에 따르면, 이 교수는 “조선반도는 입만 터는 문과놈들이 해먹는 나라”, “서울대, 세브란스 노의(고령 의사)들과 공무원에게 평생 괴롭힘 당하며 살기 싫으면 바이탈과(필수 진료과목) 하지 마라”는 등 강도 높은 발언을 이어갔습니다.

또 과거 외상외과에서 함께 근무했던 故 윤한덕 교수를 언급하며 “평생 일했지만 바뀐 건 아무것도 없다. 나와 함께 일한 윤 교수는 과로로 죽었다. 너희는 저렇게 되지 마라”고 말했습니다.

국군대전병원에서 한 군의관이 미국 의사면허 시험(USMLE) 1차에 합격한 사실도 소개하며, “내가 지하창고를 독서실로 개조했다. 조선에 희망이 없으니 절이 싫으면 중이 떠나듯 탈조선하라”고 권하기도 했습니다.

이 교수는 군의 주요 사업인 AI 드론 전투 플랫폼에 대해 비꼬는 듯한 발언도 서슴지 않았으며, 최근의 의정 갈등에 대해서는 “교수들이 중간 착취자 맞다”고 언급하며 “복귀한 전공의들과 다툼이 날 줄 알았는데, 감귤 정도로 놀리는 걸 보니 귀엽다”고 말했습니다.

이어 대형병원들의 책임을 지적하며 “전공의 쥐어짜서 에스컬레이터 만들고 통유리 붙이는 대형병원이 수가 올리자고 하면 조선 아들딸들은 개소리 취급한다”고 비판했습니다.

빅5 병원에 대해서도 “대리석 안 발라도 환자들은 다 몰려온다. 쓸데없는 짓 좀 그만하라”고 일침을 날렸습니다.

강연 내용을 접한 누리꾼들은 “이국종이 저럴 정도면 정말 문제인 것”, “필수의료 하던 사람이 ‘하지 말라’고 하니 더 무섭다” 등의 반응을 보이며 씁쓸함을 드러냈습니다.

제작 | 이 선

#지금이뉴스

▶ 기사 원문 : https://www.ytn.co.kr/_ln/0134_202504151032217103
▶ 제보 하기 : https://mj.ytn.co.kr/mj/mj_write.php

▣ YTN 유튜브 채널 구독 : http://goo.gl/Ytb5SZ

ⓒ YTN 무단 전재, 재배포금지 및 AI 데이터 활용 금지","source:영상,type:디지털,genre:사회,format:기타,이국종,탈조선,이국종강연,필수의료,군의관,빅5병원,응급의학",https://www.youtube.com/watch?v=V3ywCfiQ6H0,2025-04-15T01:47:37Z,14113,KR
AZwWLI0WK5w,"'한덕수 마지막 꼼수' 안 통했다...헌재, '재판관 지명 효력정지 가처분' 인용 - 헬마우스, [권순표의 뉴스하이킥], MBC 250416 방송",MBC 라디오 시사,25,뉴스,499851,18438,"2025년 4월 16일 [권순표의 뉴스 하이킥]

[뉴스 신세계]
0) 헌재, '한덕수 재판관 지명 효력정지 가처분' 인용
1) “헌법재판관 후보 ‘발표’했지만 ‘지명’은 아니다”?...한덕수 측, 헌재에 의견서 제출
1-1) 한덕수 출마? 불출마?...총리실은 ""사실 무근"" 첫 반박  
2) 법원, 尹측에 ‘법정 촬영’ 의견 요구
2-1) “휴대전화 안 바꿨다→바꿨다” 최상목, 위증 논란에 ‘사과’
3) 민주, 충청 투표로 경선 레이스 시작
3-1) 국힘, 대선 1차 경선 8명 진출...22일 4명으로 압축 예정

| 출연 : 헬마우스 임경빈 작가

| 권순표의 뉴스 하이킥 |

◇ 홈페이지: https://www.imbc.com/broad/radio/fm/newshigh/
◇ 네이버TV: https://tv.naver.com/mbc.mbcradionewsntalk

#MBC라디오 #권순표의뉴스하이킥 #뉴스하이킥 #시사라디오 #권순표","MBC,MBC라디오,라디오,AM,FM,95.9,시사,정치,사회,이슈,마봉춘,RADIO,MBC RADIO,표준FM,뉴스,선거,라디오시사,mbc라디오시사,엠비씨라디오",https://www.youtube.com/watch?v=AZwWLI0WK5w,2025-04-16T10:46:30Z,1045,KR
hGPsqqg_zM4,이동건 ‘제주 카페’에 뿔난 인근 상인들…왜? / 채널A / 뉴스TOP 10,채널A 뉴스TOP10,25,뉴스,654743,4691,"이동건 ‘제주 카페’에 뿔난 인근 상인들…왜?

이동건, 제주 카페 개업…첫날부터 오픈런 웨이팅
인근 상인 ""밤 11시까지 공사…잠도 못 잤다""
이동건 제주 카페에…""민폐"" vs ""텃세"" 갑론을박 

○ 기사 보기
https://www.ichannela.com/news/main/news_detailPage.do?publishId=000000468827

▶채널A뉴스 구독
https://www.youtube.com/tvchanews?sub_confirmation=1

[채널A 뉴스·시사 프로그램｜유튜브 라이브 방송시간]

〈평일〉
08시 00분 라디오쇼 정치시그널 (유튜브 라이브)
08시 50분 김진의 돌직구 쇼
10시 30분 김진의 더라방 (유튜브 라이브)
12시 00분 뉴스A 라이브
15시 50분 이야기 더
17시 10분 뉴스TOP10
19시 00분 뉴스A
20시 00분 라디오쇼 정치시그널 나이트(유튜브 라이브)

〈주말〉
12시 00분 토요랭킹쇼·뉴스A 라이브
17시 40분 뉴스TOP10
19시 00분 뉴스A

#이동건 #제주카페 #채널A뉴스

▷ 홈페이지 http://www.ichannela.com/news/main/news_main.do
▷ 페이스북 https://www.facebook.com/channelanews
▷ 카카오스토리 https://story.kakao.com/ch/channelanews","이동건,카페,상인,채널A,cosjfdpdl,cosjfㅁ,톱텐,xhqxps,탑텐",https://www.youtube.com/watch?v=hGPsqqg_zM4,2025-04-17T10:12:45Z,2423,KR
fAfz390uc3w,[속보] 대통령실 고위 참모진 일괄 사의 표명 #shorts / 연합뉴스TV (YonhapnewsTV),연합뉴스TV,25,뉴스,1615194,39660,"#윤석열 #대통령 #탄핵 #인용 #파면 #헌법재판소 #헌재 #헌법재판관 #대통령실 #국민의힘 #더불어민주당 #여야 #대선 #조기대선 #특보 #속보 #연합뉴스TV

▣ 연합뉴스TV 두번째 채널 '연유티' 구독하기
https://bit.ly/3yZBQfA

▣ 연합뉴스TV 유튜브 채널 구독
https://goo.gl/VuCJMi

▣ 대한민국 뉴스의 시작 연합뉴스TV / Yonhap News TV
http://www.yonhapnewstv.co.kr/","연합뉴스TV,뉴스,NEWS,주요뉴스,라이브,LIVE,생방송,생중계,속보",https://www.youtube.com/watch?v=fAfz390uc3w,2025-04-04T07:24:11Z,501,KR
C__b1uHy3FA,“맨하탄21 921호 5시 반 미팅” 발칵..온 세상에 드러난 홍-명 카톡! 홍준표 잠적?! (김종대 박영식 황방열) #끝장뉴스 (0415_화),뉴스토마토,25,뉴스,1007455,27506,"📰 끝장이슈1 명태균, 오세훈 다음은 홍준표?
민주 ""홍준표, 명태균 여론조사 비용 대납 의혹""
뉴스타파, “홍준표가 명태균의 '진짜 고객'…‘카톡’복원”
한겨레21, “명, 홍준표 선거사무실서 현금다발 받아”

●출연
- 이원재 성공회대 교수 
- 박영식 시사에디터
- 황방열 뉴스토마토 선임기자
- 김종대 전 의원

🔥🔥구독자 이벤트 참여 🔥🔥
 - 실시간 채팅, 댓글 참여하고, 매일 최대 7000TTCO(7000원) 쿠폰 받자 🍅🍅 
 - https://www.tongtongmall.net/membership_num
 - 실시간 채팅: 하루 1번 참여, 2,000TTCO 지급
 - 댓글: 하루 5번 참여 1,000TTCO 지급 (하루 최대 5,000TTCO)

💘💘 뉴스인싸 프라임(채널 멤버십) 가입하기
- https://www.youtube.com/channel/UCYUGo6ZfQZCTMrK9rMDijNQ/join

💌💌 뉴스토마토 무료 구독신청: 뉴스인싸 프라임 가입자 특별혜택 추가(문의 전화 : 02-2128-3874)
 - https://www.tomatoprime.com:446/newinsa/sub.aspx


영상이 마음에 드셨다면 '구독'과 '좋아요'  버튼 눌러주세요!
감사합니다.

🖥 뉴스토마토
- http://newstomato.com

🎯 뉴스포털 ｜ 뉴스통
- https://www.newstong.co.kr/

🎁 통통몰
- https://www.tongtongmall.net/main

📊 뉴스토마토 정기 여론조사
- https://www.newstomato.com/OpinionList.aspx","뉴스토마토,핵사이다,대담,윤석열정부,윤석열 대통령,검찰,윤석열,이재명,국민의힘,민주당,대통령실,뉴라이트,문재인,문재인 윤석열,검찰 인사,검찰공화국,한동훈,국정감사,용산책임론,김건희,방통위,조국혁신당,윤석열 지지율,윤석열 탄핵,탄핵,뉴스인사이다,검언유착,항소심,불송치,23억,특검법,윤석열지지율,용산,여론조사,국무총리,박지훈,박지훈뉴스인사이다,박지훈의뉴스인사이다,보수,중도,원구성,한동훈 당대표,법사위,국회의장,광복절,국회,총선개입,김영선,지지율,한일정상회담,디올백,김건희 공천개입,공천개입,명태균,총선,압수수색,여론조작,이준석,공천,명태균게이트,윤석열대선,면담,국정개입,김건희_국정개입,강혜경,국정운영지지율,윤석열_명태균,계엄,안산보살,한덕수,계엄군,김용현,최상목,김건희논문,체포영장,공수처,김태효,박정훈,박종준,김성훈,윤체포,윤석열체포,서울구치소,한남동,경호처,트럼프,포고령,서부지법,박주민,김성민,검사,단독",https://www.youtube.com/watch?v=C__b1uHy3FA,2025-04-15T12:31:56Z,1464,KR
nr4La0NmFZM,윤대통령 검찰 증인 김형기 대대장 오히려 계엄은 평화적이었다?,스타갤러리,25,뉴스,288958,53374,"윤대통령 형사재판 김형기 대대장의 증언

#김형기 #지귀연 #윤어게인 #김용현 #한덕수 #이재명 #탄핵반대 #윤대통령 #donaldtrump #계엄령 #비상계엄 #윤석열 #트럼프 #김건희 #yoonagain","잇슈,이슈,쇼트,short,정치,탄핵,계엄,게엄,개엄,윤석렬,김거니",https://www.youtube.com/watch?v=nr4La0NmFZM,2025-04-14T12:16:47Z,1682,KR
RBk-SNOoeTY,스스로 자멸하게 생긴 그 당!  대선 선거보조금 반환 400억? 김종대&오윤혜,주목뉴스,25,뉴스,531932,29107,#조기대선 #김종대 #오윤혜  #국힘당해체 #윤석열파면 #주목뉴스,"김종대,김종대tv,오윤혜,김종대 오윤혜,국힘해체,국힘벌금,400억 국힘,선거보조금 국힘,먹튀 국힘,국힘 파산,먹튀방지법 국힘,윤석열 벌금,국힘자멸,조기대선,조기대선 벌금",https://www.youtube.com/watch?v=RBk-SNOoeTY,2025-04-10T07:00:20Z,251,KR
YE6QwCp9vaU,"[인터뷰] 홍장원 ""계엄의 밤으로 돌아간다면? 尹에게 이 말 하고파""   ""난 환갑 지난 블랙요원, 이젠 내 이름으로 신나게…""",CBS 김현정의 뉴스쇼,25,뉴스,134192,6532,"조태용 ""홍장원 공작"" 말에 언론·유튜브 좌표
정치관여죄 위반? 사법 억압 2025년에도 있나
12/3 돌아가면 尹에 '누구 잡으란 거냐' 물을 듯
尹 첫 인상은 정열과 에너지 강한 사람
122일 소감…'내부자들2' 찍는 줄 알았다
尹 ""대통령 3년 하나 5년 하나?"" 실망감 커
충성심이 내 핵심 가치…尹, 말하던 '충성'은?

■ 방송 : CBS 라디오 [김현정의 뉴스쇼] FM 98.1 (07:10~09:00)
■ 진행 : 김현정 앵커
■ 대담 : 홍장원 (전 국정원 1차장)

▣ 라이브 방송 안내
뉴스쇼 라이브 방송 | 월~금 오전 7시10분~9시
댓꿀쇼 라이브 방송 | 월·화·목·금 주 4회 본방송 이후 9시

▣ 김현정의 뉴스쇼 유튜브 구독하기
https://goo.gl/ApKab6

▣ 제보 및 의견
◇ 문자: #1212
◇ 뉴스쇼 제보 이메일: cbsnewsshow@gmail.com
◇ 댓꿀쇼 관련 이메일: newsshow.cbs@gmail.com

◇ 라디오 채널: 표준FM 98.1MHz
◇ 모바일 레인보우
- 안드로이드 구글플레이: http://goo.gl/0fboZU
- 애플 앱스토어: https://apple.co/2ytJKPW
◇ 뉴스쇼 홈페이지: https://bit.ly/3VNqV5w",김현정의 뉴스쇼,https://www.youtube.com/watch?v=YE6QwCp9vaU,2025-04-18T01:26:23Z,1314,KR
4Sk235OODYM,‘윤석열 신당’ 창당…내일 기자회견 / 채널A / 뉴스A,채널A News,25,뉴스,629149,11529,"‘윤석열 신당’ 창당…내일 기자회견

뉴스A 시작합니다.저는 동정민입니다. 윤석열 전 대통령 지지자들이 내일 윤석열 신당 창당 기자회견을 예고했습니다. 대통령 탄핵심판 때 함께 했었던 대통령 변호인단 소속 변호사들이 기자회견에 직접 나선다고 예고했습니다. 윤 전 대통령이 대선판에 실제로 움직이는 거냐는 논란이 확산되자, 황급히 지지자들의 활동이라고 진화에 나섰지만, 정치권은 이 상황을 예의주시하고 있습니다. 첫 소식 최승연 기자의 보도입니다. 

○ 기사 보기
https://www.ichannela.com/news/main/news_detailPage.do?publishId=000000468838

▶채널A뉴스 구독
https://www.youtube.com/tvchanews?sub_confirmation=1

[채널A 뉴스·시사 프로그램｜유튜브 라이브 방송시간]

〈평일〉
08시 00분 라디오쇼 정치시그널 (유튜브 라이브)
08시 50분 김진의 돌직구 쇼
10시 30분 김진의 더라방 (유튜브 라이브)
12시 00분 뉴스A 라이브
15시 50분 이야기 더
17시 10분 뉴스TOP10
19시 00분 뉴스A

〈주말〉
12시 00분 토요랭킹쇼·뉴스A 라이브
17시 40분 뉴스TOP10
19시 00분 뉴스A

#윤석열 #창당 #채널A뉴스

▷ 홈페이지 http://www.ichannela.com/news/main/news_main.do
▷ 페이스북 https://www.facebook.com/channelanews
▷ 카카오스토리 https://story.kakao.com/ch/channelanews","윤석열,창당,기자회견,채널A,cosjfdpdl,cosjfㅁ,뉴스,뉴스a,뉴스에이",https://www.youtube.com/watch?v=4Sk235OODYM,2025-04-17T11:44:19Z,6951,KR
0XUXYaM9u_s,미국이 쩔쩔매는 중국의 마지막 카드는 '이것',교양이를 부탁해,25,뉴스,153090,1718,"[지식뉴스] 미국이 쩔쩔매는 중국의 마지막 카드는 '이것' (ft.이현식 SBS D콘텐츠제작위원) / 교양이를 부탁해 ‪@sbs_explained‬


#교양이를부탁해 #경제성장률 #미국경제전망 #중국경제전망 #트럼프 #시진핑 #상호관세 #관세유예 #트럼프풋 #관세 #경기침체 #나스닥 #미국채 #국가부채","교양이를부탁해,지식뉴스,국제정세,재테크,직장인,생존전략,첨단산업,반도체,패권전쟁,ai혁명,긴급점검,지식콘서트,컨트리뷰터,미니강의",https://www.youtube.com/watch?v=0XUXYaM9u_s,2025-04-16T14:00:04Z,89,KR
yjdZO01zH98,"[25년 4월 16일 수] 파월 의장, ""연준 풋? 없다!""｜미국, 반도체 중국 수출 시 라이선스 의무화｜중국, 미국과 대화에 열려 있다?!｜ - 오선의 미국 증시 라이브",오선의 미국 증시 라이브,25,뉴스,844131,10950,"보다 빠른 속보/정보 그리고 스마트폰 알림까지?!? 멤버십: https://www.youtube.com/channel/UC_JJ_NhRqPKcIOj5Ko3W_3w/join

#미국주식 #비트코인 #해외선물 #테슬라 #엔비디아


[매일 평일 밤 21시~ 05시 실시간 방송중]
블룸버그, CNBC, 로이터, WSJ, FT 등 
주요 해외 뉴스 및 이슈, 속보 관련 라이브 방송 중입니다. 
22시에 만나요~! ^^ 구독, 알림설정!

네이버 밴드: https://band.us/band/95148381

[자주 하는 질문]

화면 상 차트는?
- 나스닥 100 선물 (티커: NQ1!), 달러 인덱스 (DXY), 오일(CL1!), 10년물 국채(US10Y), 2년물 국채 (US02Y), 비트코인(바이낸스)

화면 하단에 바둑판은 무엇인가요?
- Finviz (www.finviz.com); 유료 ;21시부터 동시호가 입니다. 
- 무료는 5분 지연 시세 입니다.

뉴스 소스는?
- 언론사: 블룸버그, CNBC, 로이터, WSJ, Barrons, WP, CNN, Barrons 등
- 암호화폐: Coindesk, Coinness 등
- 속보: Financial Juice, 82알다
- 어닝: 스톡나우
- 블룸버그 터미널


도와주시는분
- 하하, 밍키, Grace.K, Happy 님


각종 문의
- futuresnow3@gmail.com


-----

오선의 미국 증시 라이브는 
평일 밤 10시부터 새벽 06시까지
따끈따끈한 미국주식, 암호화폐, 해외선물 관련 뉴스를 라이브로 전달합니다!


-----

후원 ▶ https://toon.at/donate/636970699264010583


Live NEWS:  @Bloomberg, @CNBC","bitcoin,blackout,fed,finance,fomc,경제뉴스,고용지표,국제유가,금리,금리상승,금리인상,금리인하,금리전망,금융시장브리핑,나스닥,뉴욕증시,달러,도지,머스크,미국기업,미국주식,미국증시,미의회,미증시,바이든,불라드,블랫아웃,빠월,산타랠리,실적발표,애플,연준,연준파월,유럽금리,인플레,인플레이션,일론,일론머스크,재테크,주가전망,주식,주식시황,증시브리핑,증시전망,증시폭락,투자,투자전략,파월,파월의장,해외증시,환율",https://www.youtube.com/watch?v=yjdZO01zH98,2025-04-16T22:17:27Z,12,KR
wK2I4v7NO9U,‘3자대결’ 무당층서 이재명·한덕수 ‘박빙’ / 채널A / 김진의 돌직구쇼,채널A 김진의 돌직구쇼,25,뉴스,214073,4994,"‘3자대결’ 무당층서 이재명·한덕수 ‘박빙’

3자대결, 무당층서 이재명·한덕수 ‘박빙’
이재명 32.9%·한덕수 30.4%·이준석 9.8% 데일리안
한덕수, 보수진영 지지율 김문수 제치고 선두로 조원씨앤아이 

○ 영상 보기
https://www.ichannela.com/program/detail/program_video_renew.do?publishId=000000468724

▶채널A뉴스 구독
https://www.youtube.com/tvchanews?sub_confirmation=1

[채널A 뉴스·시사 프로그램｜유튜브 라이브 방송시간]

〈평일〉
08시 00분 라디오쇼 정치시그널 (유튜브 라이브)
08시 50분 김진의 돌직구 쇼
10시 30분 김진의 더라방 (유튜브 라이브)
12시 00분 뉴스A 라이브
15시 50분 이야기 더
17시 10분 뉴스TOP10
19시 00분 뉴스A
20시 00분 라디오쇼 정치시그널 나이트(유튜브 라이브)

〈주말〉
12시 00분 토요랭킹쇼·뉴스A 라이브
17시 40분 뉴스TOP10
19시 00분 뉴스A

#이재명 #한덕수 #채널A뉴스

▷ 홈페이지 http://www.ichannela.com/news/main/news_main.do
▷ 페이스북 https://www.facebook.com/channelanews
▷ 카카오스토리 https://story.kakao.com/ch/channelanews","한덕수,이재명,여론조사,채널A,cosjfdpdl,cosjfㅁ,돌직구쇼,김진,rlawls",https://www.youtube.com/watch?v=wK2I4v7NO9U,2025-04-17T01:36:30Z,2437,KR
ktDcAg3ObTQ,[더잇슈] '범죄 이력' 언급하며 이재명 제대로 비꼬았지만.. 침묵 지키고 있는 민주당?,조선일보,25,뉴스,130192,8899,"📍 전과 4범인 대통령 후보

◈채널에 가입하여 혜택을 누려보세요◈
https://www.youtube.com/channel/UCdp4_yTBhQmB8E339Lafzow/join

◈ 사실에 대한 믿음, 할 말을 하는 용기. 조선일보◈
     조선일보가 만드는 유튜브는 다릅니다.
     구독! 좋아요! 공유하기! 는 사랑입니다❤

🔸 조선닷컴 공식 홈페이지 https://chosun.app.link/Tv2pQSJ3csb
🔸 조선일보 무료 구독 체험 https://chosun.app.link/j3tMd6O3csb
🔸 당신의 건강과 행복을 위한 채널 '오!건강' 👉🏻 https://bit.ly/3JzNuS1 구독해주세요!! 

◈◈◈ 조선일보 유튜브  제작협찬  및 제휴광고 문의 ◈◈◈
  👉🏻👉🏻👉🏻 ghm@studioghm.com 👈🏻👈🏻👈🏻

#이재명 #민주당 #선거 #뉴스 #조선일보","조선일보,조선,언론,이슈,신문,방송,뉴스,정치,속보,김광일쇼,이슈포청천,정치펀치,김광일의입,김광일,박은주,신동흔,배성규,배소빈,두시엔김광일,장원준쇼,장원준,윤석열,김건희,이재명,한동훈,오세훈,홍준표,안철수,전원책,전한길",https://www.youtube.com/watch?v=ktDcAg3ObTQ,2025-04-17T10:30:35Z,1181,KR
44QTtvwTplQ,"봉지욱 “권성동, 뉴스타파 기자 폭력 행사...형사고소 한다” “반론 없는 홍준표...질문하니 나가버려” [한판승부]",박재홍의 한판승부,25,뉴스,239491,7588,"봉지욱 “권성동, 뉴스타파 기자 폭력 행사...형사고소 한다” “반론 없는 홍준표...질문하니 나가버려” [한판승부]
[한판 인터뷰]
1. 명태균 PC 포렌식...드러난 洪과의 관계
2. 명태균, 洪에 여론조사 대면보고 정황...물증은?
3. ‘복당 찬성 65% 가깝게 나와야’...맞춤 여조 포착?
4. 홍준표-이준석 복당 회동, 대구 수성못 카페서 만났다?
- 봉지욱 뉴스타파 기자

#봉지욱 #홍준표 #권성동 #명태균 #이준석 #장성철 #박성태 #박재홍의한판승부

◎ 평일(월~금) 오후 6시~7시 30분
◎ 유튜브 실시간 방송 
-https://www.youtube.com/channel/UCV9gIwasozKlwz5U2Sa2q6g
◎ 라디오 : 표준FM 98.1 
◎ 모바일 듣기 : 레인보우 어플","박재홍의한판승부,박재홍,CBS,봉지욱,뉴스타파,홍준표,권성동,명태균,이준석,홍여진,이명선",https://www.youtube.com/watch?v=44QTtvwTplQ,2025-04-16T10:50:10Z,909,KR
9ULHBzRnFBM,"전한길 강사와 이영돈 PD, ""이재명 대표, 20년 때부터 하고 있는 투표 조작 멈추길""ㅣTBC 정치in직캠",TBC뉴스,25,뉴스,305053,25219,"#전한길 #이영돈 #이재명 #국민의힘 #더불어민주당 #투표 #선관위 #tbc뉴스 

⎯⎯⎯⎯⎯⎯⎯⎯⎯⎯
➡️ 대구 경북 제보는 TBC뉴스 https://www.youtube.com/@tbc8news
▷ 전화/문자 : 053-760-2000 / 010-9700-5656
▷ 이메일 : tbcjebo@tbc.co.kr
▷ 카카오톡 친구 ID : tbcnews
▷ TBC뉴스 홈페이지 : https://www.tbc.co.kr/news
▷ TBC 홈페이지 : https://www.tbc.co.kr/
▷ TBC뉴스 인스타그램 : https://www.instagram.com/tbc_news_/
⎯⎯⎯⎯⎯⎯⎯⎯⎯⎯

#TBC8뉴스 #대구경북TBC #TBCNEWS #티비씨뉴스 #TBC #대구 #경북","대구뉴스,뉴스채널,TBC,티비씨,데일리뉴스,정치뉴스,이슈,대구경북,경상도,TK,지역sbs,sbs,대구방송,대구방송국,지역방송국",https://www.youtube.com/watch?v=9ULHBzRnFBM,2025-04-16T04:19:03Z,5280,KR
ArC4QEBgM_M,"“이재명 대선이 아니라 트럼프 대선!”...“한덕수, 지지율 본격 상승 시작"" [뉴캐]",매일신문,25,뉴스,172047,7074,#한덕수 #국민의힘 #국힘 #여론조사 #배종찬 #매일신문 #뉴스캐비닛 #이동재 #이재명 #한동훈 #오세훈 #유승민,"#한덕수,#국민의힘,#국힘,#여론조사,#배종찬,#매일신문,#뉴스캐비닛,#이동재,#이재명,#한동훈,#오세훈,#유승민",https://www.youtube.com/watch?v=ArC4QEBgM_M,2025-04-16T00:55:41Z,962,KR
bq5tW8HvpKg,이재명 대표 대선 출마 선언...이에 맞설 국민의힘 최종 후보는? I 배종찬 I 임윤선 I 정치대학,이투데이TV,25,뉴스,410576,11633,"- 이재명 전 대표, 대선 출마 선언…""진짜 대한민국 만들겠다""
- 이재명 전 대표, 양자 대결 압도
- 배종찬 ""국민의힘 후보들은 당심부터 챙겨야""

'고품격 정치 강의' 정치대학
인터뷰를 인용 보도할 때는 프로그램명 '정치대학'을 정확히 밝혀주시기 바랍니다. 

■ 방송 : 2025년 3월 7일(월) 오전 10시
■ 진행 : 임윤선 변호사
■ 출연 : 배종찬 인사이트케이 연구소장

경제신문 이투데이
▶ 공식 홈페이지 http://www.etoday.co.kr/news/
▶ 공식 페이스북 https://www.facebook.com/etoday/
▶ 공식 포스트 https://post.naver.com/etoday12
▶ 공식 블로그 https://blog.naver.com/etoday12","이투데이,뉴스,시사,정치,경제,증권,금융,이재명,이재명 지지율,양자대결,이재명 대선 출마,한동훈 대선 출마,한동훈 출마,한동훈,김문수 출마,김문수 대선 출마,김문수,홍준표,홍준표 대선 출마,홍준표 출마,배종찬,배종찬 소장,배종찬 평론가,배종찬 인사이트케이,배종찬 인사이트케이 연구소장,임윤선,임윤선 변호사,정치대학,정치 대학,정치대학 임윤선,지니어스 임윤선,정치대학 배종찬,대선 후보,국민의힘 대선 후보,국힘 대선 후보",https://www.youtube.com/watch?v=bq5tW8HvpKg,2025-04-10T13:00:57Z,2650,KR
hI0I7XWtr7E,"[자막뉴스] 20억이나 들였다는 '공용화장실'...""칸막이도 없는데 어떻게 써요"" / KBS 2025.04.17.",KBS News,25,뉴스,490107,1917,"오사카 엑스포 행사장에 있는 화장실입니다.

벽면에 영어로 '올 젠더(All Gender)'라고 쓰여 있는데요.

성별 구분 없이 누구나 이용할 수 있는, 화장실입니다.

성 소수자를 배려하는 취지로 도입됐는데, 전체의 40%를 올 젠더 화장실로 만들어 이용하기 불편하다는 의견과 함께 안전 우려가 나오고 있습니다.

유아용 화장실 역시 논란에 휩싸였습니다.

보시다시피, 칸막이가 없습니다.

일본 정부는 이 화장실들을 짓는데 2억 엔, 우리 돈 약 20억 원을 썼습니다.

오사카 엑스포는 개막 직후부터 건물 내부로 비가 스며들거나 통신 장애 등 운영 미숙으로 관람객들이 불편을 겪고 있는데요.

또 개막 하루 만에 입장객 수가 절반으로 줄면서 흥행에 대한 우려도 나오고 있습니다.

▣ 제보 하기
◇ 카카오톡 : 'KBS제보' 검색 
◇ 전화 : 02-781-1234
◇ 홈페이지 : https://goo.gl/4bWbkG
◇ 이메일 : kbs1234@kbs.co.kr

Copyright ⓒ KBS. All rights reserved. 무단 전재, 재배포 및 이용(AI 학습 포함) 금지

#남녀공용 #오사카엑스포 #일본","KBS,KBS NEWS,KBS뉴스,NEWS,kbs뉴스,kbs 뉴스,kbs news,kbs,뉴스,자막뉴스,남녀공용,오사카엑스포,일본",https://www.youtube.com/watch?v=hI0I7XWtr7E,2025-04-17T07:50:01Z,2190,KR
dVOQqhmLRJE,천안서 부부싸움 비극…아파트서 추락한 부부 사망 [MBN 뉴스7],MBN News,25,뉴스,995462,6093,"【 앵커멘트 】
  충남 천안의 한 고층아파트에서 부부가 추락해 숨지는 일이 발생했습니다.
  부부싸움 과정에서 남편이 우발적으로 범행을 저지른 것으로 추정되는데 10대 자녀도 다쳤습니다.
  김영현 기자입니다.


【 기자 】
  어제 오후 9시 20분쯤, 충남 천안의 한 아파트에서 ""아빠가 엄마를 흉기로 찌르고 같이 뛰어내렸다""는 신고가 119에 접수됐습니다.

  아파트 27층에서 40대 남성과 30대 여성이 1층 화단으로 떨어진 겁니다.

▶ 스탠딩 : 김영현 / 기자
- ""현장에 도착한 119구급대원들은 이곳에 쓰러져 있던 두 사람을 인근 병원으로 옮겼지만, 끝내 숨졌습니다.""

▶ 인터뷰 : 인근 주민
- ""경찰들이 많이 나와있더라고 형사차까지 떴으니까…. 부부싸움 하다….""

  이들 부부는 말다툼을 하다 아내가 이혼하자고 했고, 이 말에 격분한 남편이 흉기를 휘두른 것으로 알려졌습니다.

  이 과정에서 아내와 중학생 딸이 다친 것으로 확인됐습니다.

  그런데 남성은 여기서 멈추지 않고 아내와 밖으로 뛰어내린 것으로 추정됩니다.
  
  경찰 조사 결과 이들 부부는 일주일 전쯤부터 다툼이 잦아졌지만, 신고된 건은 없는 것으로 파악됐습니다.

▶ 인터뷰 : 경찰 관계자
- ""남편이 죽여서 밀었다든지 명확한 게 지금 없으니까 그거에 대해서 국과수 부검도….""

  경찰은 목격자인 딸이 호전되는 대로 자세한 사건 경위를 조사할 예정입니다.

  MBN뉴스 김영현입니다. [ yhkim@mbn.co.kr ]
  
  영상취재 : 박인학 기자
  영상편집 : 김상진

☞ MBN 유튜브 구독하기  ☞ https://goo.gl/6ZsJGT
📢 MBN 유튜브 커뮤니티 https://www.youtube.com/user/mbn/community?disable_polymer=1

MBN 페이스북 http://www.facebook.com/mbntv
MBN 인스타그램 https://www.instagram.com/mbn_news/","MBN,MBN뉴스,뉴스7,엠비엔뉴스,최중락,유호정,천안,부부싸움,아파트서 추락한 부부 사망,사건 사고,충남 천안의 한 고층아파트에서 부부가 추락",https://www.youtube.com/watch?v=dVOQqhmLRJE,2025-04-14T11:18:10Z,2679,KR
3ZoQuqWwBU8,"23년째 장기집권 중인 에르도안, 정적(政敵) 전격 체포",슈카월드,25,뉴스,829553,9797,"0:00 터키 쿠데타, 대규모 시위 발생
11:44 EU는 왜 터키의 상황에 적극적으로 나서지 않는가
20:27 세계 군용 드론 수출 1위 터키
23:40 터키의 '머스크'라 불리는 자

어렵고 딱딱한 경제,시사,금융 이야기를
쉽고 유쾌하게 풀어내는
경제/시사/이슈/잡썰 토크방송입니다.","슈카,슈카월드,경제,시사,이슈,뉴스,상식,면접,논술,자소서,취업,주식,증시,주가,시장,자산,투자,금리",https://www.youtube.com/watch?v=3ZoQuqWwBU8,2025-04-11T09:58:29Z,1151,KR
dRgg86H-SPg,개헌 통해 헌재 가루 만들자!  정치 재판하는 헌재는 해체하라!,예능하나,25,뉴스,407154,24213,#채널A #뉴스A #전한길,,https://www.youtube.com/watch?v=dRgg86H-SPg,2025-04-07T12:37:29Z,194,KR
2yzCL-vogQU,오마이뉴스 기자 질문하자...모두를 놀라게 한 홍준표 답변,서울신문 ,25,뉴스,172913,9258,"명태균 관련 질문을 하는 오마이뉴스 기자에게 홍준표 후보는 ""그럼 이재명에게 이렇게 물어보라""며 맞섰다.",,https://www.youtube.com/watch?v=2yzCL-vogQU,2025-04-17T06:08:12Z,2865,KR
5sDBdAYfiO8,한덕수 '땜빵'론은 '윤건희' 작품? 트럼프 믿고 출마 하나!?,장르만 여의도,25,뉴스,201811,4331,"#이재명 #한덕수 #김건희 
혁신당 ""한덕수 부인, 무속 심취... 김건희와 유사"" 의혹 제기
민주, 한덕수 출마론에 ""자신 있으면 나오라…양파 벗기듯 검증""
""트럼프, 대화 후 관세 유예"" 한덕수의 자화자찬?

🔽 [우리카세 바다장어] 우리가 먹으려고 만든 '우리카세'
https://smartstore.naver.com/jysell/products/11525327028

00:00 - 하이라이트
01:10 - 김과장 : 김준일 시사평론가 · 장성철 공론센터소장
03:10 - 1. 이유도 모르는 '민감국가 지정' 결국 발효 
14:10 - 2. 국힘 5월 3일 최종후보 확정
18:55 - 2-1. 한동훈 때린 나경원 안철수... 4등 전쟁 본격화? 
27:35 - 2-2. 오세훈 만난 홍준표, USB 건넨 오세훈 
31:45 - 2-3. 드럼통 들어간 나경원, 민주당 '영현백' 역챌린지
34:00 - 3. 한덕수, 대정부질문 대신 광주행
50:10 - 4. 이재명 ""수사기관 독점 안 돼""
54:00 - 5. 대통령실, 계엄 이후 휴대전화 무더기 교체 
57:05 - 5-1. '윤석열 체포 방해' 김성훈 사의표명...왜? 

한없이 가벼운 정치 토크쇼, 장르만 여의도
매주 월~금 오전 11시 LIVE🔴

🔽[우리카세 바다장어] 우리가 먹으려고 만든 '우리카세'
https://smartstore.naver.com/jysell/products/11525327028

🔽인터넷 비교원 상담 
📌[인터넷TV+유심변경+정수기렌탈 총 128만원 혜택] 
https://bit.ly/46Icxzb

🔽 장르만 여의도 몰 (한없이 가격이 가벼운 쇼핑몰)
https://genremantv.com/

☞장르만여의도 구독하기 (https://www.youtube.com/@JTBCSHOW)
☞장르만여의도 커뮤니티 (https://www.youtube.com/@JTBCSHOW/community)

☞JTBC유튜브 구독하기 (https://www.youtube.com/user/JTBC10news)
☞JTBC유튜브 커뮤니티 (https://www.youtube.com/user/JTBC10ne...)

☞광고 및 비즈니스 문의 (kang.kivin@jtbc.co.kr)

[제작]
🎥 PD : 강기빈 · 이효선 · 신희연
🎥 AD : 장윤선
🗒 작가 : 김지영 · 손지은 · 신희란 · 곽시정","장르만여의도,정영진,정치,더불어민주당,국민의힘,개혁신당,조국혁신당,여당,야당,국회,국회의사당,정치인,윤석열,한동훈,이재명,이준석,김준일,장성철,안규백,민감국가,대선,나경원,안철수,유정복,김문수,홍준표,한덕수,성일종,박지원,김태효,홍철호,이도운,최진웅,이기정,윤갑근,지귀연",https://www.youtube.com/watch?v=5sDBdAYfiO8,2025-04-16T09:15:00Z,416,KR
36p-4ryttmQ,"[뉴스파이팅] (여론뚱신) 한덕수 압도적 지지율 1위, 이러다 이재명 잡을수도?! #배종찬 #김봉신 #김영수_240417",YTN 라디오,25,뉴스,98206,3166,"한덕수, 범보수 후보 적합도 1위 / ‘4등 싸움’ 치열한 국힘 경선 / ‘어대명’ 속 비명계 주자 셈법은?

○ 여론뚱신

- 배종찬 인사이트케이 연구소장, 김봉신 메타보이스 부대표

---------------------------------------------------------------------------------
구독과 알람을 설정하시면 
YTN라디오의 더 많은 프로그램을 보실 수 있습니다.
많은 댓글과 좋아요 부탁드립니다.

●라이브 방송 안내
뉴스파이팅(월-금) 07:15​​​​ ​~ 09:00​​​​

●YTN라디오 유튜브 구독  ​https://bit.ly/2N9iY9x​​​​","윤석열,탄핵,대선,이재명,국힘,민주당,국민의힘,오세훈,유승민,홍준표,추경안,나경원,김문수,안철수,함상훈,철회결의안,국회,뉴스파이팅,김영수,한덕수,권성동,헌재,가처분,효력정지,임명권,단일화론,출마론,경선,김두관,김동연,김경수,3김,비명,마은혁,최상목,청문회,대정부질문,만찬,차담,반명,반명빅텐트,빅텐트,여론뚱신,이완규,범보수,여론조사,여론,배종찬,김봉신,어대명,비명계",https://www.youtube.com/watch?v=36p-4ryttmQ,2025-04-17T00:11:43Z,638,KR
t5ThiwBUg9g,"[PD수첩.Zip] (200만회 돌파) ""대통령실 이전할 때부터 이상했다"" 독단적이었던 국정운영 - 윤석열 전 대통령 취임부터 파면까지 PD수첩 몰아보기 1탄",MBC PD수첩,25,뉴스,2890024,47534,"#MBC #PD수첩 #윤석열

제작 : MBC 시사교양국
진행 : 오승훈 아나운서

✔시대의 정직한 목격자, MBC PD수첩 (화요일 밤9시)
✔PD수첩 본방을 놓쳤다면? 유튜브로 핵심을!
✔PD수첩 유튜브 공식계정 https://goo.gl/9tgdwM
✔PD수첩 본방을 다시보고 싶다면?
   iMBC : https://bit.ly/2ELLAyh
   WAVVE : https://bit.ly/2EXiZq5

ⓒ MBC&iMBC 무단 전재, 재배포 및 이용(AI학습 포함) 금지","PD수첩,시사교양,시사,고발,MBC,뉴스,이슈,사회문제,피디수첩,경제,정치",https://www.youtube.com/watch?v=t5ThiwBUg9g,2025-04-04T08:33:43Z,9696,KR
9icqdwy2HDg,"[단독 인터뷰] 김계리 윤석열 대통령 변호인, ""윤어게인 운동을 투표로"" / 전한길뉴스",전한길뉴스,25,뉴스,236180,52183,"김계리 윤석열 대통령 변호인이 전하길뉴스에 오셨습니다. 김 변호사는 ""윤어게인 운동을 투표로 이어가자며"" 윤석열 정신을 이어가기로 했습니다. 자세한 내용 영상으로 보시겠습니다.

#전한길 #전한길뉴스 #윤석열 #대통령 #변호인 #김계리 #변호사 #단독 #인터뷰 #윤어게인 #yoonagain",,https://www.youtube.com/watch?v=9icqdwy2HDg,2025-04-17T10:59:04Z,5075,KR
BD3OfRtINOk,북한군 10여명 군사분계선 침범 군 사격,핫플 힐링로드 Hotple Healing Road,25,뉴스,327898,9449,,,https://www.youtube.com/watch?v=BD3OfRtINOk,2025-04-08T09:41:00Z,119,KR
