category,categoryId,channelTitle,commentCount,country,description,id,likeCount,publishedAt,tags,title,url,viewCount
news,25,숏츠파이프,1414,KR,출처 MBCNEWS  #문형배 #헌법재판관 #윤석열파면 #김장하 #김장하선생,_C_xG10JwXs,88993,2025-04-15T15:17:28.000Z,,문형배 헌법재판관을 이끈 진정한 어른  김장하 선생,https://www.youtube.com/watch?v=_C_xG10JwXs,2085558
news,25,짧뉴(짧은뉴스),3147,KR,#짧은뉴스 #짧뉴  여러분의 '좋아요' 클릭 자체가 큰 후원입니다  '짧은뉴스'는 바쁜 사회 속 짧고 정확하게 정치의 이점과 오점을 알리는 게 목적입니다 주 영상은 '쇼츠'로 구성 됩니다  다만  쇼츠 내용에 명확성이 필요한 경우 필요 영상 구간 내용을 최단 압축하여 업로드 합니다  문의 : the.shots.news@gmail.com  시청자 분들의 성원과 관심에 항상 감사합니다  '슈퍼 땡스'도 너무 감사합니다!,fUHwiN3PtXw,75821,2025-04-16T11:52:32.000Z,[짧뉴  짧은뉴스  더불어민주당  조국혁신당  정치  국회  뉴스  MBC  JTBC],뱀장어 대가리에 참기름 바르는 소리 [짧뉴] 박지원 이완규 법사위 #짧은뉴스,https://www.youtube.com/watch?v=fUHwiN3PtXw,1123859
news,25,뉴스TVCHOSUN,1468,KR,[TV조선 뉴스·시사 프로그램｜유튜브 라이브 방송시간]  📡 월~금 06:50 강스라이팅 (유튜브) 📡 월~금 07:30 뉴스퍼레이드 📡 월        08:40 네트워크 매거진 📡 월~금 09:00 신통방통  📡 월~금 10:20 류병수의 강펀치 (유튜브) 📡 월~금 13:00 보도본부 핫라인 📡 월~금 14:30 사건파일 24 📡 월~금 17:20 시사쇼 정치다 📡 월~금 21:00 뉴스9 📡 토~일 14:00 뉴스현장 📡 토~일 17:40 시사쇼 정치다 📡 토~일 19:00 뉴스7  [Ch.19]  사실을 보고 진실을 말합니다.  👍🏻 공식 홈페이지 http://news.tvchosun.com/ 👍🏻 공식  페이스북 https://www.facebook.com/tvchosunnews/ 👍🏻 공식 트위터 https://twitter.com/TVChosunNews  * 뉴스제보 : 이메일(tvchosun@chosun.com)  카카오톡(tv조선제보)  전화(1661-0190),bc2V23thUP8,23469,2025-04-16T08:13:11.000Z,[윤석열  윤석열 재판  윤석열 관저  윤석열 파면  이재명  이재명 재판  이재명 대선  이재명 경제 정책  오세훈  오세훈 불출마  홍준표  홍준표 사형  홍준표 공약  안철수  안철수 대선  안철수 ai  김문수  김문수 대선  한동훈  한동훈 나경원  한동훈 대선  이준석  이준석 공약  한덕수  한덕수 출마  최상목  최상목 대정부질문  권영세  권성동  김동연  김경수  김두관  유승민  유승민 대선  우원식  문재인  이승만  조기대선  대선 후보  국회  검찰  헌재  헌법  선관위  국민의힘  국민의힘 대선후보  국민의힘 경선  더불어민주당  더불어민주당 대선후보  더불어민주당 경선  tv조선  현장영상  티조클립],홍준표  '뉴스타파' 기자 질문하자 쿨하게 나갔다 [티조Clip] #shorts,https://www.youtube.com/watch?v=bc2V23thUP8,775037
news,25,김어준의 겸손은힘들다 뉴스공장,1006,KR,#김어준 #겸손은힘들다 #뉴스공장  #명랑사회    00:00:00  대기화면 00:10:30  김어준 생각 00:11:27  겸손브리핑 00:26:11  김민석 / 더불어민주당 수석최고위원 (전화 연결) 00:43:39  김윤 / 더불어민주당 의원                   전진숙 / 더불어민주당 의원                    김남희 / 더불어민주당 의원 01:16:08  홍사훈 / 기자·홍사훈쇼 진행자                   주진우 / 기자·주기자라이브 진행자                   노영희 / 변호사                   신용한 / 윤석열 캠프 전 정책총괄지원실장·서원대 전 석좌교수 01:52:08  김경호 / 변호사·합동군 사대학교 명예교수                   이병철 / 변호사 02:13:40  여론조사 [박시영  이택수] 02:27:25  동네사람들 [쥰키  카잉  일라이다  알파고]    ◎ [겸손브리핑] ▷ 김묘성 / 기자  [잠깐만 인터뷰] - 전화연결 - ‘노코멘트’ 한덕수에 “출마용 관세협상 안 돼” 1인시위 왜? ▷ 김민석 / 더불어민주당 수석최고위원  [12.3 그날 국회] - 내란의 밤  초6 딸이 남긴 메시지 "이제 엄마 못 보나" - 보복위 의원들이 분석한 계엄 포고령 '전공의 처단' 적시 이유 ▷ 김윤 / 더불어민주당 의원 ▷ 김남희 / 더불어민주당 의원 ▷ 전진숙 / 더불어민주당 의원  [인터뷰 제1공장] - 윤석열 신당 & 전광훈 출마... 보수 대권 구도 남은 변수는? - 관저 압수수색 실패... 무속 논란에 이은 김성훈 사생활 논란 왜? - 지귀연 재판부  윤석열 재판 전 촬영 허가... 결정 배경은? ▷ 홍사훈 / 기자 · 홍사훈쇼 진행자 ▷ 노영희 / 변호사 ▷ 신용한 / 윤 캠프 전 정책총괄지원실장 · 서원대 전 석좌교수 ▷ 주진우 / 기자 · 주기자라이브 진행자  [인터뷰 제2공장] - 지귀연 재판부  尹에 이례적 특혜... 외부 압력 가능성은? - 윤석열 ‘판사 사찰’ 대상에 지귀연 있었나...추정 근거는? - 尹의 ‘법조 카르텔’이 판사들에게 미친 영향은? - 국민 청원  고발  집단 소송... 지귀연 재판부 움직일 가능성은? - 오늘 윤석열 2차 내란 공판... 주목해야 할 쟁점은? ▷ 김경호 / 변호사·합동군사대학교 명예교수 ▷ 이병철 / 변호사  [여론조사] - 여조꽃 3K 대선 특집 전화면접조사... 결과는? - 국민이 생각하는 투표 결정 요인과 대통령 자질은? - 한덕수 대행 대선 출마에 대한 국민 여론은? - 윤석열 재구속 필요성 있다 VS 없다... 국민의 생각은? ▷ 박시영 / 박시영TV 대표 ▷ 이택수 / 리얼미터 대표  [동네사람들] - 동네사람들 나라에서 가장 잘나가는 K-컬처는? - 유행에 민감한 사람들  각국의 2025 트렌드는? ▷ 쥰키 / 중국 ▷ 카잉 / 미얀마 ▷ 일라이다 / 독일 ▷ 알파고 / 튀르키예   제보 메일 : yp01@hahasociety.com 구글폼으로 제보 : https://forms.gle/A2rijVdt2t2dSfrMA   겸손멤버십 안내 : https://humblefactory.co.kr/%ea%b2%b8%ec%86%90%eb%a9%a4%eb%b2%84%ec%8b%ad/ 인터뷰 전문과 방송내용 확인: https://humblefactory.co.kr 제보와 문의 : newsfactory2023@gmail.com 겸손몰 바로가기 : https://nonohumble.com/ 겸손공장 구독하기 : https://www.youtube.com/channel/UCAAvO0ehWox1bbym3rXKBZw?sub_confirmation=1  [겸손방송국 SNS] 인스타그램 : https://www.instagram.com/gyeomson_is_nothing/ 공식 트위터 : https://twitter.com/Gyeomsonfactory 겸손공장 페이스북 : https://www.facebook.com/profile.php?id=100089440778302  영상의 무단 사용을 금지합니다. 인용 보도 시 [김어준의 겸손은힘들다 뉴스공장] 출처를 표기해주세요. 인용 보도를 제외한 겸손방송국의 모든 콘텐츠 사용은 공정사용에 해당하지 않습니다.  겸손 멤버십 관련 문의 : 02-6953-1904 / 이메일: info@humblefactory.co.kr,LdWDmTFvjGo,102342,2025-04-21T01:01:46.000Z,,김어준의 겸손은힘들다 뉴스공장 2025년 4월 21일 월요일 [김민석  김윤  김남희  전진숙  홍사훈  노영희  신용한  주진우  김경호  이병철  여론조사  동네사람들],https://www.youtube.com/watch?v=LdWDmTFvjGo,1505972
news,25,MBCNEWS,6618,KR,ㅤ #MBC #뉴스 #뉴스데스크 #MBC뉴스 #뉴스투데이 ㅤ ⓒ MBC & iMBC 무단 전재  재배포 및 이용(AI학습 포함)금지,jmS9nHnHBxg,32393,2025-04-15T05:14:05.000Z,[MBC  MBC뉴스  뉴스데스크  newsdesk  뉴스투데이  newstoday  8시뉴스  아침뉴스  뉴스  정오뉴스  news  실시간  실시간 뉴스  엠비씨 뉴스  엠비씨  뉴스 실시간  뉴스속보],사건 직전 CCTV 봤더니.. #Shorts (MBC뉴스),https://www.youtube.com/watch?v=jmS9nHnHBxg,1327386
news,25,한국경제TV,980,KR,성공투자 오후증시 2부 25년 4월 10일자 방송  전병서 중국경제금융연구소장  #한국경제TV #와우넷 #와우파 #주식창  #파트너 #경제 #증권 #와우 #WOWTV ------------------------------------------------- △대한민국의 경제를 보세요! △빠르고 정확한 경제·증권 뉴스를 24시간 전해드립니다.  △구독+좋아요! ------------------------------------------------- ◇ 한국경제TV 유튜브 구독 https://bit.ly/45pz6GK  ◇ 한국경제TV 유튜브 LIVE https://www.youtube.com/watch?v=NJUjU9ALj4A  ◇ 협업 및 비즈니스 문의 hkwowtv@wowtv.co.kr ------------------------------------------------- 🎯 투자 판단  정보가 승부다. 한국경제TV 공식 텔레그램에서 빠르고 정확한 핵심 정보를 지금 확인하세요.  🎁무료 구독 👉 https://t.me/wowtv_official ---------------------------------------------------------------------- ◇ 한국경제TV -홈페이지 http://www.wowtv.co.kr -플러스친구 https://pf.kakao.com/_xbcxlxgd -트위터 http://www.twitter.com/hkwowtv -페이스북 http://www.facebook.com/hkwowtv  -편성정보: https://bit.ly/47q2caY ------------------------------------------------- ◆ 한국경제TV 패밀리 채널을 구독하세요! -뉴스는 [한경TV 뉴스] https://youtube.com/한국경제TV뉴스 -주식은 [와우넷] https://youtube.com/와우넷w -주식앱 [주식창] https://youtube.com/stockw -교육은 [와우아카데미] -------------------------------------------------,y8YFzopyPTk,19847,2025-04-14T04:43:24.000Z,[#한국경제TV  한국경제  주식  투자  증시  미국주식  한국주식  경제  나스닥  코스피  성투1부  성투  성공투자오후증시  중국  관세전쟁  미중전쟁  미국  관세  전병서소장  전병서  시진핑  트럼프  애플  테슬라  월마트],미국은 중국을 이길 수 없다┃전병서 중국경제금융연구소장,https://www.youtube.com/watch?v=y8YFzopyPTk,1279235
news,25,[팟빵] 매불쇼,1771,KR,●4월 18일 금요일 [LIVE] - 뉴스(최진봉 김종대 박은정 김기표 부승찬 한인섭) 영화(전찬일 라이너 최광희 거의없다 황병국)  0:00 - 대기 시간 11:20 - 방송 시작 36:02 - 사이다 헤드라인 : 최진봉 X 김종대 X 박은정 X 김기표 X 부승찬 X 한인섭 1:45:26 - 시네마 지옥(신작) : 전찬일 X 라이너 X 최광희 X 거의없다 X 황병국 2:37:52- 시네마 지옥(주말 추천작) : 전찬일 X 라이너 X 최광희 X 거의없다 - 광고요정 : 박보경 --------------------------------------------------------- ● Z대로 된 비타민B 💊 비맥스! 나에게 딱 맞는 비맥스가 궁금하다면? ➜ http://gcbmax.co.kr/  제대로 된 설명은 약사님께-!  ● 웰스앤헬스 자연방목 국내산 토종 흑염소 진액  (1533-1068) 2박스 구매 시 1박스 더!  배송메시지에 매불쇼 기입하면 7일분 추가 증정! ➜ https://m.site.naver.com/1FISq  ● 닭살 잡아먹는 괴물로션 엠락틴!   배송메세지에 '매불쇼' 입력해주시면 풋크림 증정 (4/30까지) ➜ https://m.site.naver.com/1DYBx  ● 식후혈당 걱정엔 닥터엠당엔 오늘 밤 12시까지 배송 메모에 '매불쇼 이벤트' 남겨주시면 2박스 구매시 1박스 더! (2+1) ➜ https://smartstore.naver.com/mydrm/products/8236044676 --------------------------------------------------------- 광고 문의 : ad@podbbang.com 출연  사연 등 기타 문의 : mbshow@podbbang.com 또는 인스타그램 @maebulshow 메시지 주세요 :),MfFiAJk25BM,94115,2025-04-18T08:16:10.000Z,,국민의 뒤통수 치는 국민의힘! 국민의힘 뒤통수 치는 윤석열! | 풀버전,https://www.youtube.com/watch?v=MfFiAJk25BM,1620338
news,25,비디오머그 - VIDEOMUG,1913,KR,👀 교양이를 부탁해  4월 '오픈클래스' 신청 오픈! 👀  ◆ 주제: 트럼프와 달러 패권  그리고 금 (오건영 단장) ◆ 대상: '교양이를 부탁해' 유튜브 채널 구독자 ◆ 방청 일시: 4월 29일 화요일 오후 5시  ◆ 신청 방법: 아래 구글폼 작성 🔽🔽🔽🔽🔽 https://forms.gle/99k3c3Tm591Da8Yh7   03:17 트럼프 관세폭탄에도 중국이 버티는 이유  05:30 중국이 잡은 미국의 네 가지 인질 09:22 ‘고통의 내구력 강해’ 중국의 사회주의 생존법 10:58 위태로운 중국 경제 어디까지 견딜까 16:52 ‘장사꾼’ 트럼프 VS ‘정치꾼’ 시진핑의 협상 타이밍 19:29 시진핑의 마지막 반격은 '이것' 27:03 트럼프와 시진핑이 진짜 겁내는 것은?  *이 콘텐츠는 전문가의 개인적 견해가 포함되어 있으며  특정 입장을 대변하지 않습니다. "사실은 가장 중요한 현실성 있는 게 뭔지 아세요? 자본 시장을 조금 열어주는 거죠. 왜냐하면 중국이 지금 문제가 부채가 많다는 게 중국의 가장 큰 문제고 지방 정부가 부채가 많고 기업이 부채가 많고 다 부채가 많은 금융 문제인데 중국 어떻게 해결하면 되냐. 그게 이제 미국이 답을 가르쳐 준 것이 2008년에 이제 금융위기 때 미국이 부도가 났어요. 그 때 전 세계에는 IMF가 다 알짜 자산 팔아서 부채 갚아서 축소 경영하라고 그래놓고 자기네들은 어떻게 했냐 하면 하나도 안 팔고 공적 자금 왕창 집어넣어서 주가 올려서 부채 비율 낮추고 주식 팔아가지고 이제 끝을 낸 거죠. 그래서 중국이 지금 생각하는 것은 “아 저게 답이구나” 그래서 지금 부채 많다고 얘기를 하지만 이 부채를 다 주식으로 바꿔버리면 부도 위험  금융 위기는 없어지는 거죠. 그렇게 되면 미국이 무역수지 흑자 2 000억 달러(약 300조 원) 이거를 줄이려고 하는 것은 싸움을 해야 되지만 자본시장에 들어가서 미국의 기관투자가들이 헤지펀드들이 주식 사서 시세 차익을 팔아서 2 000억 달러(약 300조 원) 가는 것은 쉽습니다." -전병서 중국경제금융연구소 소장    [제작진] 기획•연출: 한동훈 / 영상취재: 강동철 / 작가: 윤단비 / 편집: 현승호•김남우 / 콘텐츠디자인: 옥지수•정유민 / 인턴: 강다현  [비즈니스 문의] 교양이를 부탁해  출연•협찬•콘텐츠 문의: davidhan@sbs.co.kr      ✔신뢰할 수 있는 재미  비디오머그 VIDEOMUG  #비디오머그 #트럼프관세폭탄 #시진핑관세보복 #애플 #테슬라 #희토류 #환율 #위안화 #교양이를부탁해 #VMG  ♨지금 뜨거운 이슈  함께 토론하기(스프 구독) : https://premium.sbs.co.kr  ▶비디오머그 채널 구독하기 : https://n.sbs.co.kr/mugTube ▶Homepage : https://videomug.co.kr ▶Facebook : https://www.facebook.com/videomug ▶Twitter : https://twitter.com/videomug_sbs  Copyright Ⓒ SBS. All rights reserved. 무단 전재  재배포 및 AI학습 이용 금지,__LcIMYY8jA,13966,2025-04-18T17:25:02.000Z,[SBS VIDEOMUG  VIDEOMUG  format:해설  location:서울  series:비디오머그  source:영상  type:디지털  비디오 MUG  퍙대ㅡㅕㅎ],[지식뉴스] 🇺🇸🇨🇳 때렸다 달랬다  다급해진 트럼프...시진핑이 노리는 마지막 반격 카드는 '이것' (ft.전병서 중국경제금융연구소 소장) / 교양이를 부탁해 / 비디오머그,https://www.youtube.com/watch?v=__LcIMYY8jA,1089497
news,25,뉴스토마토,2675,KR,✨(뉴스인싸프라임) 세계와k - 문희정  일리야  알파고  더 디플로맷 "한국  이재명의 순간이 왔는가"…李 4월호 표지 장식 더 디플로맷  이재명의 전략에 대해서도 정확히 알고 있어 더 디플로맷  전세계에 오피니언 리더급이라면 다 봐  美 타임지 실린 李  이렇게 한 단락으로 다 설명할 수 있나 美 타임지  역정의 마무리는 결국 차기 대통령이 될 것으로 보인다 표현 전 세계 사람들이 타임지 한 줄만 읽어도 李가 어떤 사람인지 알겠어 해외 언론  한국 민주주의 열망을 해결해낸 사람을 李라고 설명 더 디플로맷 "국힘  이대로라면 극우집단으로 전락" 유럽 극우정당 확장  중도층 끌어들일 의제 꺼내들었어…한국은 정반대 국내 언론  의제 설정 기능 스스로 다운시켜버렸어 日  美에 한반도 대만묶어 전쟁구역 제안…3월 30일에 했는데 이제 안 한국 日  트럼프 1기 때 한미일서 소외됐던 트라우마 있어 한국  일본의 자위대 명령받는 부속으로 들어갈 가능성 높아졌어 전쟁구역 제안  美 입장선 유사시에 일본이 주도적으로 역할하겠단 것 외교는 상대가 있는 것…되돌리기 힘들어 외교 참사  처음보다 10배 이상의 노력과 힘 들어가 한국이 할 수 있는 건 차기 리더십에 국민적 엄청난 지지 보내기 트럼프  관세 수단으로 사용…트럼프가 원하는 걸 얻기 위한 것 트럼프 관세 유예  내부적 이유와 필요 때문 미국 기업이 中에 공장 설립한 이유 있어…관세 있어도 美가 훨씬 비싸 미국과 중국의 역할 정반대됐어…기업 입장선 美 택할 이유 없어졌어 더 디플로맷  李가 어떤 가치관 갖고 있고 어떻게 여기까지 왔는지 담아 美에서도 李가 당선될 확률이 높다고 보고 있어 李  타임지 실릴 수 있었던 가장 큰 이유는 계엄날 킨 라이브 해외 언론선 李가 킨 라이브가 비상계엄 실패 원인으로 분석 우파가 전세계 집권? 극우에서 중도층으로 많이 내려왔기 때문 중도보수에 있던 한국의 국힘  더 극우로 가고 있어 尹 정부의 대일외교  완전실패였어…모든걸 日에 바치는 형국됐어 日이 '전쟁' '전구' 발언하는 것 경계해야…이동네서 전쟁 일으킬 수 있는 건 日 트럼프  전세계에 혼란 주는 일에 있어서 굉장히 잘해 中은 전략있어서 트럼프 관세에 잘 버티는 편…시간은 중국 편 트럼프의 18~19세기식 관세  美 내에서 생산 있어야 가능한 것 미국 내에서 생산되고 있는 것 없어…아이폰도 'Made in China' 중국  충분히 버틸 저력과 여유있어…그냥 기다리기만 하면 돼  🔥🔥구독자 이벤트 참여 🔥🔥  - 실시간 채팅  댓글 참여하고  매일 최대 7000TTCO(7000원) 쿠폰 받자 🍅🍅   - https://www.tongtongmall.net/membership_num  - 실시간 채팅: 하루 1번 참여  2 000TTCO 지급  - 댓글: 하루 5번 참여 1 000TTCO 지급 (하루 최대 5 000TTCO)  💘💘 뉴스인싸 프라임(채널 멤버십) 가입하기 - https://www.youtube.com/channel/UCYUGo6ZfQZCTMrK9rMDijNQ/join  💌💌 뉴스토마토 무료 구독신청: 뉴스인싸 프라임 가입자 특별혜택 추가(문의 전화 : 02-2128-3874)  - https://www.tomatoprime.com:446/newinsa/sub.aspx  💘 더 착한 보험(생명보험  자동차 보험)  - 문의 전화: 1644-1236  010-7612-3303(카톡/문자 상담예약 24시간 가능)  영상이 마음에 드셨다면 '구독'과 '좋아요'  버튼 눌러주세요! 감사합니다.  🖥 뉴스토마토 - http://newstomato.com  🎯 뉴스포털 ｜ 뉴스통 - https://www.newstong.co.kr/  🎁 통통몰 - https://www.tongtongmall.net/main  📊 뉴스토마토 정기 여론조사 - https://www.newstomato.com/OpinionList.aspx,y4MLNZJp4Ao,44921,2025-04-18T06:55:31.000Z,[뉴스토마토  핵사이다  대담  윤석열정부  윤석열 대통령  검찰  윤석열  이재명  국민의힘  민주당  대통령실  뉴라이트  문재인  문재인 윤석열  검찰 인사  검찰공화국  한동훈  국정감사  용산책임론  김건희  방통위  조국혁신당  윤석열 지지율  윤석열 탄핵  탄핵  뉴스인사이다  검언유착  항소심  불송치  23억  특검법  윤석열지지율  용산  여론조사  국무총리  박지훈  박지훈뉴스인사이다  박지훈의뉴스인사이다  보수  중도  원구성  한동훈 당대표  법사위  국회의장  광복절  국회  총선개입  김영선  지지율  한일정상회담  디올백  김건희 공천개입  공천개입  명태균  총선  압수수색  여론조작  이준석  공천  명태균게이트  윤석열대선  면담  국정개입  김건희_국정개입  강혜경  국정운영지지율  윤석열_명태균  계엄  안산보살  한덕수  계엄군  김용현  최상목  김건희논문  체포영장  공수처  김태효  박정훈  박종준  김성훈  윤체포  윤석열체포  서울구치소  한남동  경호처  트럼프  포고령  서부지법  박주민  김성민  검사  단독],모두가 놀란 외신의 극찬 “한국  이재명 시대가 왔는가? 이재명은 xxx할 것” 전세계가 이재명을 주목한 이유는?  #뉴스인사이다  (문희정  일리야),https://www.youtube.com/watch?v=y4MLNZJp4Ao,731600
news,25,무적소년공,1669,KR,,RtO8o-rEPGc,50710,2025-04-19T03:05:15.000Z,,"일본은 쌀 파동" 2년전 이재명 발언 ! #이재명 #대선 #대통령,https://www.youtube.com/watch?v=RtO8o-rEPGc,486600
news,25,어준이뉴스,722,KR,#신장식 #뉴스공장  @어준이뉴스 https://www.youtube.com/channel/UCl_YDj8DFZSqESwDmmsHrqw?sub_confirmation=1,eY0BjHvb5H0,46941,2025-04-14T01:30:32.000Z,[정치뉴스  국제정치  국내정치  시사분석  정치토론  정부정책  선거  정치인인터뷰  정치시사해설  정치이슈  정당  언론과정치  국회뉴스],지귀연 무죄 판결 전망은? 지귀연 심우정의 합작품 이제 그만.. #신장식 #뉴스공장,https://www.youtube.com/watch?v=eY0BjHvb5H0,907047
news,25,SBS 뉴스,762,KR,더 자세한 정보 보기  https://news.sbs.co.kr/y/?id=N1008059602  [윤 대통령 파면] 기사 더보기  https://news.sbs.co.kr/y/i/?id=10000058872    #SBS뉴스 #윤석열 #김건희 #대통령 #파면   ▶SBS 뉴스 채널 구독하기 : https://n.sbs.co.kr/youtube  ▶SBS 뉴스 라이브 : https://n.sbs.co.kr/youtubeLive   https://n.sbs.co.kr/live  ▶SBS 뉴스 제보하기 홈페이지: https://n.sbs.co.kr/inform  애플리케이션: 'SBS뉴스' 앱 설치하고 제보 - https://n.sbs.co.kr/App  카카오톡: 'SBS뉴스'와 친구 맺고 채팅 - https://pf.kakao.com/_ewsdq/chat  페이스북: 'SBS뉴스' 메시지 전송 - https://www.facebook.com/sbs8news  이메일: sbs8news@sbs.co.kr  문자: #6000  전화: 02-2113-6000   홈페이지: https://news.sbs.co.kr/  페이스북: https://www.facebook.com/sbs8news  X(구:트위터): https://www.twitter.com/sbs8news 카카오톡: https://pf.kakao.com/_ewsdq 인스타그램: https://www.instagram.com/sbsnews  Copyright Ⓒ SBS. All rights reserved. 무단 전재  재배포 및 AI학습 이용 금지,x-m9eTP_iGo,11985,2025-04-11T08:30:34.000Z,[886일  SBS NEWS  SBS 뉴스  custom:뉴스넷  format:리포트  genre:정치  location:서울  sbs  sbs 실시간  source:영상  topic:윤 대통령 파면  type:방송  관저  뉴스 실시간  뉸  실시간뉴스  에스비에스  퇴거  한남동],관저 밖 걸어나오는 김건희 모습 포착 #shorts,https://www.youtube.com/watch?v=x-m9eTP_iGo,1195756
news,25,KBC 뉴스,491,KR,더불어민주당의 대선 경선에서 가장 앞서나가고 있는 이재명 캠프에 광주의 초선 의원인 박균택 의원과 정준호 의원이 합류했습니다.  두 의원은 이 예비후보 경선과 본선 승리는 물론 호남의 민심을 캠프에 충분히 반영하는 역할을 해내겠다고 밝혔습니다.  이형길 기자입니다.  ✔ 더 많은 광주·전남 뉴스를 보고 싶다면 KBC뉴스를 '구독' 해주세요  ▶KBC 뉴스 홈페이지 https://news.ikbc.co.kr/news/main  ▶KBC 뉴스 제보하기 홈페이지 : https://www.ikbc.co.kr/board/edit/jebo 카카오톡 : https://pf.kakao.com/_tBLUxd/chat 전화 : 062-650-3114 팩스 : 062-653-3327  ▶KBC 주요뉴스 네이버 : https://media.naver.com/press/660 다음 : https://v.daum.net/channel/133710/home  ▶KBC 뉴스 SNS 공식채널 유튜브 : https://www.youtube.com/c/kbc뉴스 페이스북 : https://www.facebook.com/KBCstory/ 트위터 : https://twitter.com/KBC__news 인스타그램 : https://www.instagram.com/kbc__news/ 틱톡 : https://www.tiktok.com/@kbc__news  ▶KBC 광주방송 콘텐츠 링크 모아보기 https://linktr.ee/kbc__news,4yIgsTFat5k,42159,2025-04-15T00:39:28.000Z,[kbc  kbc광주방송  깨비씨  kbc 뉴스],이재명 캠프 법률지원단에 '호위무사' 박균택·정준호#shorts,https://www.youtube.com/watch?v=4yIgsTFat5k,830865
news,25,MBC PD수첩,3522,KR,#MBC #PD수첩  📌PD수첩.Zip 00:00 탄핵 심판 선고 - 불복전야 - 25년 3월 11일 방송 07:42 광장의 음모론 1부 - 태극기를 든 '애국청년' - 25년 2월 18일 방송 22:32 광장의 음모론 2부 - 대통령과 부정선거 - 25년 3월 4일 방송 32:30 순교의 이름으로 - 목사님의 극우 비즈니스 - 25년 3월 18일 방송 01:00:40 다시  서울의 봄 - 윤석열 파면의 날 - 25년 4월 8일 방송    제작 : MBC 시사교양국 진행 : 오승훈 아나운서  ✔시대의 정직한 목격자  MBC PD수첩 (화요일 밤9시) ✔PD수첩 본방을 놓쳤다면? 유튜브로 핵심을! ✔PD수첩 유튜브 공식계정 https://goo.gl/9tgdwM ✔PD수첩 본방을 다시보고 싶다면?    iMBC : https://bit.ly/2ELLAyh    WAVVE : https://bit.ly/2EXiZq5  ⓒ MBC&iMBC 무단 전재  재배포 및 이용(AI학습 포함) 금지,_23pnnnJQX4,11707,2025-04-18T08:30:18.000Z,[PD수첩  시사교양  시사  고발  MBC  뉴스  이슈  사회문제  피디수첩  경제  정치],[PD수첩.Zip] 그들은 왜 '계몽' 되었나 - 윤석열 전 대통령 취임부터 파면까지 PD수첩 몰아보기 3탄,https://www.youtube.com/watch?v=_23pnnnJQX4,548264
news,25,CBS 김현정의 뉴스쇼,3772,KR,조태용 "홍장원 공작" 말에 언론·유튜브 좌표 정치관여죄 위반? 사법 억압 2025년에도 있나 12/3 돌아가면 尹에 '누구 잡으란 거냐' 물을 듯 尹 첫 인상은 정열과 에너지 강한 사람 122일 소감…'내부자들2' 찍는 줄 알았다 尹 "대통령 3년 하나 5년 하나?" 실망감 커 충성심이 내 핵심 가치…尹  말하던 '충성'은?  ■ 방송 : CBS 라디오 [김현정의 뉴스쇼] FM 98.1 (07:10~09:00) ■ 진행 : 김현정 앵커 ■ 대담 : 홍장원 (전 국정원 1차장)  ▣ 라이브 방송 안내 뉴스쇼 라이브 방송 | 월~금 오전 7시10분~9시 댓꿀쇼 라이브 방송 | 월·화·목·금 주 4회 본방송 이후 9시  ▣ 김현정의 뉴스쇼 유튜브 구독하기 https://goo.gl/ApKab6  ▣ 제보 및 의견 ◇ 문자: #1212 ◇ 뉴스쇼 제보 이메일: cbsnewsshow@gmail.com ◇ 댓꿀쇼 관련 이메일: newsshow.cbs@gmail.com  ◇ 라디오 채널: 표준FM 98.1MHz ◇ 모바일 레인보우 - 안드로이드 구글플레이: http://goo.gl/0fboZU - 애플 앱스토어: https://apple.co/2ytJKPW ◇ 뉴스쇼 홈페이지: https://bit.ly/3VNqV5w,YE6QwCp9vaU,19240,2025-04-18T01:26:23.000Z,[김현정의 뉴스쇼],[인터뷰] 홍장원 "계엄의 밤으로 돌아간다면? 尹에게 이 말 하고파"   "난 환갑 지난 블랙요원  이젠 내 이름으로 신나게…",https://www.youtube.com/watch?v=YE6QwCp9vaU,622483
news,25,띨띨이 당,315,KR,#JTBC  #한민용  #안나경  #최재원,L7VD3SuDi_Y,23470,2025-04-12T07:00:19.000Z,," 니네가 내실게요~ ",https://www.youtube.com/watch?v=L7VD3SuDi_Y,755492
news,22,우령의 유디오,253,KR,#shorts #아나운서 #안내견,pNdrToGWBUU,15332,2025-04-17T06:59:28.000Z,[앵커  아나운서  뉴스  생활뉴스  뉴스클로징  퇴사  허우령  시각장애인  안내견  리트리버  강아지  보도국  아준생  도전  취업  KBS  shorts  생방송  감동  동기부여  발성  발음  목소리  정은혜  뉴스12  여자아나운서  앵커멘트  성공  우령의유디오],시각장애 앵커가 뉴스를 떠나기 전 남긴 클로징 멘트,https://www.youtube.com/watch?v=pNdrToGWBUU,365086
news,25,MBN News,5879,KR,뉴스와이드 월~금 오후 5시 20분 본방송  더불어민주당 이재명 대선 경선 후보 선거대책위원회는 17일 일명 '도봉역 벤츠 난동 사건'과 이 후보의 가족이 연루됐다는 소문에 대해 "불법적인 음해"라며 법적 대응을 예고했다. 선대위는 허위정보 유포 의혹을 받는 이들 6명을 특정하고 경찰에 공직선거법상 허위사실공표와 후보자비방 혐의로 고발할 방침이다.  #이슈직진 #도봉역 #벤츠난동 #이재명아들 #루머 #허위사실 #공직선거법 #고발 #경찰 #중년여성 #진실 #아찔한순간 #허위유포자 #뉴스와이드 #MBN  ☞ MBN 유튜브 구독하기  ☞ https://goo.gl/6ZsJGT 📢 MBN 유튜브 커뮤니티 https://www.youtube.com/user/mbn/community?disable_polymer=1  MBN 페이스북 http://www.facebook.com/mbntv MBN 인스타그램 https://www.instagram.com/mbn_news/,SJVzzlE5KGw,15666,2025-04-19T04:20:01.000Z,,[이슈 직진] 루머는 어떻게 퍼졌나?...경찰 "도봉역 차량 난동 사건 당사자는 중년 여성" | MBN 250418 방송,https://www.youtube.com/watch?v=SJVzzlE5KGw,805190
news,25,펜앤마이크TV,4327,KR,펜앤마이크는 사즉생의 마음으로 대한민국 체제 수호에 매진하겠습니다 후원계좌 : 기업은행 02-2138-5881 (주식회사 펜앤마이크)  ARS 후원신청 : 1877-0216  해피나눔 정기후원신청 :  https://www.ihappynanum.com/Nanum/B/0BT4KW55HB  일반후원계좌 : 기업은행 02-2138-5881 (주식회사 펜앤마이크)  정기후원계좌 :  기업은행 024-088734-04-046 (주식회사 펜앤마이크)  페이팔 및  해외송금 :   http://www.pennmike.com/com/spon.html  여러분의 많은 후원 부탁드립니다. 감사합니다.   ★펜앤마이크 구독자 그룹 단톡방 개설★  https://open.kakao.com/o/g2Iurtkf  비밀번호 : 1801  자유롭게 구독자분들과 펜앤마이크와 소통할 수 있어요.  🏅 채널에 가입하여 혜택을 누려보세요! 👉 https://bit.ly/3J6jwWD  월~금 오전 9시 - 허현준의 굿모닝 대한민국 월~금 오후 6시 - 최대현의 이것이 뉴스다 월~화 오후 2시 | 수 오후 4시 - 중립MZ  👏 영상이 마음에 드신다면  영상 아래 메뉴의 'Thanks' 버튼으로 후원해주세요!,BVwxndCgsnQ,28612,2025-04-20T07:20:00.000Z,[팬앤마이크  펜앤드마이크  팬앤마이크TV  펜앤드마이크TV  채널A  TV조선  SBS  SBS뉴스  조선일보  매일신문  서울신문  YTN  JTBC  MBN  이투데이TV  아투TV  김진의돌직구쇼  뉴스  그라운드C  시사포커스  고성국TV  정법전  최진녕  정혁진  김기흥  이지애  선우윤호  김진기  대한민국  이승만  박정희  매불쇼  김어준  겸손은힘들다  폭스뉴스  Fox News  #이것이뉴스다  #허현준  #원영섭  조기대선  국민의힘후보  대선후보 더불어 민주당  민주당  민주당후보  경선  이재명  개헌  김문수  홍준표  오세훈  한동훈  이준석  원희룡  나경원  윤상현  한덕수  김동현  대선  대통령선거  유시민  트럼프  중앙선관위],이재명  대선 패배 자백하다 / 김기흥의 FM뉴스,https://www.youtube.com/watch?v=BVwxndCgsnQ,281955
news,27,JTV ON,255,KR,#JTV #전주방송 #JTV전주방송 #2000년대 #00년대 #옛날뉴스 #뉴스앤뉴스 #뉴스 #꺼내본뉴스 #전라북도 #전북특별자치도 #전북 #shorts #news #전주 #전주시 #중학생 #중학교 #학생 #학교 #장기기증 #기증 #뇌사 #뇌사판정 #소년 #아버지 #아들 #강원도 #정읍 #정읍시 #이사 #새벽 #신문배달 #배달 #알바 #아르바이트 #경찰 #경찰서 #도둑 #절도 #절도범 #도둑질 #장기 #희망 #충격사건 #충격실화 #사건 #실화 #장례 #충격사연 #사연 #경찰조사 #조사,ow_5SJj622Y,,2025-04-12T05:00:57.000Z,[전라북도  전주  전주방송  전주SBS  jtv  jtv전주방송  익산  군산  완주  김제  무주  진안  장수  부안  고창  남원  전북  임실  순창  전주mbc  전주kbs  jtvon  전북방송  전북SBS  전북특별자치도],[꺼내본 뉴스] 아버지는 어려운 결정을 했다,https://www.youtube.com/watch?v=ow_5SJj622Y,754574
news,22,자우소,2116,KR,#우파 #보수 #국민의힘 #자유민주주의 #조기대선 #트럼프 #주한미군,Amwy5E_fvkM,37502,2025-04-11T21:00:16.000Z,,주한미군 감축시 북한남침가능성,https://www.youtube.com/watch?v=Amwy5E_fvkM,860094
news,25,잼뉴(잼있는뉴스),1911,KR,#이재명 #유시민 #21대대선,s_oqa-0zH5w,18405,2025-04-13T07:23:32.000Z,,전원책 포퓰리스트 격하에도 이재명은 우문현답 [잼뉴] #잼있는뉴스,https://www.youtube.com/watch?v=s_oqa-0zH5w,659320
news,25,뉴스타파 Newstapa,19589,KR,권성동 국민의힘 원내대표가 질문하던 뉴스타파 기자의 손목을 잡고 수십미터 끌고가는 폭행·상해를 저질렀습니다.   뉴스타파는 오늘(16일) 권 원내대표의 폭행·상해 행위가 기록된 풀영상을 그대로 공개합니다.    뉴스타파는 권성동 원내대표를 폭행과 상해  명예훼손 혐의로 고소할 예정입니다.   👉 더 상세한 내용을 기사로 확인하세요 : https://newstapa.org/article/Yj-k9   ※Music source : Habi Music  #뉴스타파 #newstapa #탐사보도 #진실 #비영리 #독립언론  👉 뉴스타파는 광고와 협찬없이 회원들의 후원금으로만 운영됩니다. 뉴스타파에 힘을 보태주세요 : https://newstapa.org/donate_info 👉 해외에서는 Paypal을 통해 후원하실 수 있습니다. Paypal 후원하기 : https://url.kr/7n3hfe,ZD3IKorwETk,84756,2025-04-16T09:09:04.000Z,[탐사보도  진실  뉴스타파  비영리  뉴스  보도  언론  독립언론  독립],권성동 국민의힘 원내대표  취재중인 뉴스타파 기자 폭행 - 뉴스타파,https://www.youtube.com/watch?v=ZD3IKorwETk,1277787
news,25,배승희 변호사,6047,KR,[제보 및 비지니스 문의] tatajebo@gmail.com  [변호사세요? 유튜버세요? - 도서 구입]  교보문고 :  http://me2.do/5eOL4qR5 예스 24 :   http://me2.do/F2r4RJl1  [채널 가입] https://www.youtube.com/channel/UC8SZ88GQa9XWwZxLNibO3ug/join,m-8fBsdkS3c,77265,2025-04-18T07:30:31.000Z,,문형배 결국 폭로!  이럴수가! [배승희 뉴스배송],https://www.youtube.com/watch?v=m-8fBsdkS3c,660185
news,25,JTBC News,4036,KR,0:00 이재명 "민주당이 보수 영역도 책임져야"…김동연 "진보 가치 변함없다" (4.19 지금 이 장면) 1:48 "이재명  얄밉지만 영리한 전략"…유승민 "중도 보수론으로 빈집털이  국민의힘 정신 차려야" (2.24 지금 이 뉴스) 3:00 정규재 전 주필마저? 보수 진영에 '빨간등' 들어왔다 (3.18 오대영 라이브)  ※ JTBC News '뉴스다'는 '다' 모은 뉴스의 의미로  정치·경제·사회·국제 등 시청자들의 다양한 관심사를 모아 전달하는 큐레이션 콘텐트입니다.  📌 시리즈 더 보기 https://youtube.com/playlist?list=PL3Eb1N33oAXhsGVRH6QUWoGk3q7PnhjtT  📢 지금  이슈의 현장을 실시간으로! ☞JTBC 모바일라이브 시청하기 https://www.youtube.com/@jtbc_news/streams  ☞JTBC유튜브 구독하기 (https://www.youtube.com/user/JTBC10news) ☞JTBC유튜브 커뮤니티 (https://www.youtube.com/user/JTBC10news/community)  #JTBC뉴스 공식 페이지 https://news.jtbc.co.kr  페이스북 https://www.facebook.com/jtbcnews X(트위터) https://twitter.com/JTBC_news 인스타그램 https://www.instagram.com/jtbcnews  ☏ 제보하기 https://news.jtbc.co.kr/report 방송사 : JTBC (https://jtbc.co.kr),CUcLMXnch7s,18666,2025-04-19T07:00:09.000Z,,이재명 전략에 보수들마저 '긁적'…"얄밉지만 영리하다" #뉴스다 / JTBC News,https://www.youtube.com/watch?v=CUcLMXnch7s,869790
news,25,뉴스버스TV,2,KR,#shorts #뉴스버스 #라이브  [세로라이브]🔴개콘보다 웃긴 국힘 경선토론 (25/04/20)  📌뉴스버스 ARS 후원▶▶1555-5508 📌뉴스버스 후원계좌▶▶신한 140-013-476854 / (주)위더미디어  📌광고문의 010-5277-1493 뉴스버스 멤버쉽 https://www.youtube.com/channel/UCnuLphpv0sj_km95P1IZIwQ/join 뉴스버스 유튜브 https://www.youtube.com/c/뉴스버스TV 경제버스 유튜브 https://www.youtube.com/@economyversetv 뉴스버스 홈페이지 www.newsverse.kr 제보 jebobox@gmail.com  담당: 김준영,ZAxbQis05Ws,1436,2025-04-21T00:42:21.000Z,[민주당  더불어민주당  한덕수  한덕수기각  헌법재판소  헌재  정국  소용돌이  뉴스버스  이재명  대등재판부  단독재판부  윤석열  탄핵선고  탄핵심판  쟁점ON  쟁점온  라이브],[세로라이브]🔴개콘보다 웃긴 국힘 경선토론 (25/04/20),https://www.youtube.com/watch?v=ZAxbQis05Ws,979083
news,25,한겨레TV,2009,KR,핏자국·장어 세척? 굿? 추리 난무! 윤·김 228톤 물 사용 미스터리...!  #윤석열 #김건희 #진상규명   책임피디: 김도성 진행: 고현준 기술: 김현수 타이틀 / C.G : 김수경 취재·구성: 이승준 연출: 박승연 이예진 조성욱 (yeoni@hani.co.kr)   ▶ 한겨레 누리집: https://www.hani.co.kr/ ▶ 한겨레TV 페이스북: https://www.facebook.com/hankyorehtv/,UTix5P6jGVk,19071,2025-04-17T11:00:54.000Z,[한겨레  한겨레TV  한겨레21  정치  시사  뉴스  언론  저널리즘  유튜브  경제  사회  뉴스다이브  고현준  고추자  김건희  이재명  대통령  윤석열  내란  내란수괴  한덕수  박지원  나경원  대선  조기대선  국민의힘  더불어민주당  민주당  윤건희  장윤미  노영희  박진영  박찬수],노영희가 일 냈다! “이렇게 밝히면 돼...단순 낭비 아냐!” 윤석열·김건희 228톤 물 사용 진상규명법 정리(장윤미 노영희 박진영) | 뉴스 다이브 0417 클립2,https://www.youtube.com/watch?v=UTix5P6jGVk,580613
news,25,대구MBC뉴스,17205,KR,[대구MBC뉴스]  '보수의 성지'로 꼽히는 대구 서문시장은 선거철마다 문턱이 닳을 정도로 후보들이 찾아오는 곳입니다. 윤 전 대통령은 대선 하루 전 마지막 유세 장소로 선택할 정도로 이곳은 오랜 시간 보수 정치의 상징적 공간으로 자리매김해 왔습니다.  이번 대통령 조기 선거를 앞두고 4월 16일 오후 '보수의 성지' 민심을 알아보기 위해 대구 서문시장을 찾았는데요  서문시장 상인과 서문시장을 방문한 시민 36명에게 인터뷰를 요청했고  그중 17명이 인터뷰에 응해줬습니다.  #만나보니 #서문시장 #대구 #대구MBC  ⓒ 대구MBC 무단 전재  재배포 및 이용(AI학습 포함)금지  진실을 향해 깊이있게 접근하는 대구MBC NEWS 공식 유튜브 채널입니다. ▼대구MBC 계정 메시지나 댓글을 통해 제보 주세요~  - 대구MBC 웹사이트 : https://dgmbc.com/news - 트위터 : https://twitter.com/DGMBCNews - 인스타그램 : https://www.instagram.com/dgmbcnews_official/ - 제보시스템 : https://mbcjebo.com - 제보전화 : 053.740.9900 - 카카오톡제보 : 010.4088.1577   (친구찾기 ID검색 dgmbcnews),1mTLcHt0Ts8,8999,2025-04-19T01:00:05.000Z,[대구문화방송  대구mbc  대구MBC뉴스  뉴스  MBC  엠비씨],[만나보니] '보수의 성지' 대구 서문시장의 민심은? | 대구MBC뉴스,https://www.youtube.com/watch?v=1mTLcHt0Ts8,416235
news,25,인생국장,66,KR,기자 손목 꺾은 권성동  윤석열 정부는 언론이 적인가?   #정치 #시사 #뉴스,xjxph0-4h14,13108,2025-04-17T21:00:58.000Z,[정치  시사  뉴스],기자 손목 꺾은 권성동  윤석열 정부는 언론이 적인가?,https://www.youtube.com/watch?v=xjxph0-4h14,143989
news,24,UlsanTV-052,210,KR,,fEfnN5svIu8,24961,2025-04-11T13:18:28.000Z,,300쪽이 널 쪽 내줄께!!,https://www.youtube.com/watch?v=fEfnN5svIu8,530197
news,25,시사IN(시사인),1736,KR,윤석열 신당 창당? 김건희 출마? 생방 중 충격 소식!!  제작진 프로듀서: 최한솔·김세욱·이한울 PD 진행: 김은지 기자 출연: 정준희 교수  장윤선 기자  박지훈 변호사  김민하 시사평론가  김영화 기자  💥시사IN 유튜브 멤버십에 함께해주세요 :) https://www.youtube.com/channel/UCaVuYo_tiiNzTSmlnM-A2kQ/join  ●시사IN 홈페이지 https://www.sisain.co.kr/ ○시사IN 구독 https://subscribe.sisain.co.kr/ ○시사IN 후원 https://support.sisain.co.kr ○시사IN 후원 계좌 하나은행 109-910017-83704 ㈜참언론 ○시사IN paypal http://paypal.me/sisain ●광고 문의 02-3700-3215,c7ahPY4q4OI,21408,2025-04-17T09:42:26.000Z,[지귀연  윤석열  김건희  박지훈  조선일보  뉴스타파  한겨레  경향  권성동  홍준표  장윤선  정준희],'지귀연 동기' 박지훈이 밝힌 그의 정체! 장윤선X정준희  입틀막 권성동-홍준표에 분노! 5:3 데드락 찌라시 생산자 정체 밝혀졌다｜[김은지의 뉴스IN] #윤석열 #김건희 #지귀연,https://www.youtube.com/watch?v=c7ahPY4q4OI,429676
news,25,채널A 뉴스TOP10,2133,KR,국민의힘 B조 경선 토론회…탄핵 등 놓고 공방  일명 '죽음의 조'  이철우·나경원·홍준표·한동훈  토론회 구도…한동훈 vs 나경원·이철우·홍준표? 韓에 돌직구 던진 洪 "배신자 프레임 어떻게 벗어나?"   ○ 기사 보기 https://www.ichannela.com/news/main/news_detailPage.do?publishId=000000469201  ▶채널A뉴스 구독 https://www.youtube.com/tvchanews?sub_confirmation=1  [채널A 뉴스·시사 프로그램｜유튜브 라이브 방송시간]  〈평일〉 08시 00분 라디오쇼 정치시그널 (유튜브 라이브) 08시 50분 김진의 돌직구 쇼 10시 30분 김진의 더라방 (유튜브 라이브) 12시 00분 뉴스A 라이브 15시 50분 이야기 더 17시 10분 뉴스TOP10 19시 00분 뉴스A 20시 00분 라디오쇼 정치시그널 나이트(유튜브 라이브)  〈주말〉 12시 00분 토요랭킹쇼·뉴스A 라이브 17시 40분 뉴스TOP10 19시 00분 뉴스A  #국민의힘 #토론회 #채널A뉴스  ▷ 홈페이지 http://www.ichannela.com/news/main/news_main.do ▷ 페이스북 https://www.facebook.com/channelanews ▷ 카카오스토리 https://story.kakao.com/ch/channelanews,UUPw4f4J6Us,1881,2025-04-20T10:08:43.000Z,[국민의힘  토론회  탄핵  채널A  cosjfdpdl  cosjfㅁ  톱텐  xhqxps  탑텐],국민의힘 B조 경선 토론회…탄핵 등 놓고 공방 / 채널A / 뉴스TOP 10,https://www.youtube.com/watch?v=UUPw4f4J6Us,169084
news,25,KNN NEWS,2798,KR,#knn뉴스    제보 카톡 : 'KNN' 친구추가 메일 : adknn@knn.co.kr  홈페이지 www.knn.co.kr 검색 : KNN,4T6Vy71lTx0,2920,2025-04-20T07:26:54.000Z,[knn뉴스  e뉴스],[풀버전] 국민의힘 대선 후보자 토론회 홍준표·한동훈·나경원·이철우/ KNN,https://www.youtube.com/watch?v=4T6Vy71lTx0,136756
news,25, YTN,6319,KR,그룹 뉴진스의 독자적인 활동을 금지해야 한다는 결정이 그대로 유지된다. 법원은 이번에도 뉴진스의 손을 들지 않았다.   서울중앙지법 민사합의50부는 오늘(16일) 뉴진스 멤버들의 가처분 이의 신청에 대해 기각 결정을 내렸다.   앞서 지난달 21일 재판부는 어도어가 뉴진스를 상대로 낸 '기획사 지위보전 및 광고계약 체결 등 금지' 가처분 신청을 전부 인용했다.  이 결정에 따라 어도어는 전속계약상 기획사 지위를 인정받게 됐고  뉴진스는 어도어의 사전 승인 없이 독자적으로 연예 활동을 할 수 없게 됐다. 이에 NJZ라는 팀명으로 해오던 다섯 멤버들의 활동도 홍콩 공연을 끝으로 중단됐다.    뉴진스 측은 "회사와 신뢰가 완전히 파탄됐음을 충분히 고려하지 못한 결과"라고 반발하며  법원의 결정에 불복하고 이의 제기 절차를 밟았다.   기자: 오지원 자막편집: 박해진   ▶ 기사 원문 : https://www.ytn.co.kr/_ln/0134_202504161804588471 ▶ 제보 하기 : https://mj.ytn.co.kr/mj/mj_write.php  ▣ YTN 유튜브 채널 구독 : http://goo.gl/Ytb5SZ  ⓒ YTN 무단 전재  재배포금지 및 AI 데이터 활용 금지,QCNchtpd0bk,7702,2025-04-16T09:17:33.000Z,[source:영상  type:디지털  genre:사회  format:기타  뉴진스  뉴진스 독자활동  어도어  민희진  NJZ],법원은 이번에도 뉴진스 손을 들지 않았다....NJZ 활동 중단 [지금이뉴스] / YTN,https://www.youtube.com/watch?v=QCNchtpd0bk,1371745
news,25,MBC 라디오 시사,309,KR,2025년 4월 18일 [권순표의 뉴스하이킥]  1-2부 [뉴스 신세계] 1) 문형배·이미선 헌법재판관  오늘 퇴임… 헌재 7인 체제  1-1) 법원  ‘내란 혐의’ 尹 2차 공판 출석도 지하 출입 허용 2) ‘尹 어게인’ 창당 무산에 석동현 “尹  일절 관여·참여 안 해”… “尹  파면 당일 허락했다" 주장도? 3) 한덕수 지지율 7%  홍준표·김문수와 나란히… 이재명 38%  | 출연 : 헬마우스 임경빈 작가  | 권순표의 뉴스 하이킥 |  ◇ 홈페이지: https://www.imbc.com/broad/radio/fm/newshigh/ ◇ 네이버TV: https://tv.naver.com/mbc.mbcradionewsntalk  #MBC라디오 #권순표의뉴스하이킥 #뉴스하이킥 #시사라디오 #권순표,wVUU0FjK5Yw,7014,2025-04-18T10:45:05.000Z,[MBC  MBC라디오  라디오  AM  FM  95.9  시사  정치  사회  이슈  마봉춘  RADIO  MBC RADIO  표준FM  뉴스  선거  라디오시사  mbc라디오시사  엠비씨라디오],무산된 '윤 어게인' 창당...'尹  파면 당일 허락했다' 보도도 - 임경빈  [권순표의 뉴스하이킥]  MBC 250418 방송,https://www.youtube.com/watch?v=wVUU0FjK5Yw,295502
news,25,이슈카톡,2278,KR,홍준표 기자회견에서  뉴스타파 질의를 듣자  화들짝 놀라 도망가는데~  #홍준표 #대선 #도망 #기자 #회견 #투표 #지지율 #내란 #검찰 #심우정 #헌재 #헌법 #헌법재판소 #이재명 #뉴스타파 #명태균 #공천 #헌덕수,vWXIwvbJj4w,14425,2025-04-16T08:32:20.000Z,,홍준표  호환마마 보다 무서운 뉴스타파 기자 보고  오만상 쓰며~ 줄행랑~ 런~준표~,https://www.youtube.com/watch?v=vWXIwvbJj4w,240671
news,25,무지개,1091,KR,#감동 #이슈 #뉴스 #김주하 #앵커  김주하 앵커의 이야기는 단순한 직업적 전환이 아니라  오랜 시간 뉴스 현장을 지켜온 한 언론인의 진정성과 책임감을 보여주는 기록입니다. 27년 동안 뉴스 데스크를 지켜온 그는  흔들림 없이 사회에 필요한 목소리를 전해왔고  수많은 시청자들의 신뢰를 받아왔습니다.  이 영상은 실제 보도 내용과 인터뷰를 기반으로 구성되었으며  특정 개인이나 기관을 비판하거나 자극적인 목적을 가진 콘텐츠가 아닙니다. 앵커 교체나 퇴장 등의 표현은 포함되어 있지 않으며  단지 한 인물의 진심 어린 결정을 진정성 있게 전달하기 위한 감동 중심 서사입니다.  ‘언론인’  ‘책임감’  ‘진정성’  ‘세대 교체’  ‘감동’ 등 긍정적 키워드를 중심으로 구성되어 있으며  오해의 소지가 없도록 신중하게 서술되었습니다. 시청자와 AI 모두가 신뢰할 수 있는 정보 전달의 의미를 되새기며  김주하 앵커의 행보에 많은 이들이 응원을 보내주길 바랍니다.,52-StaMrdUs,72336,2025-04-05T22:42:01.000Z,,전 국민이 아는 목소리를 가진 여성의 마지막 뉴스,https://www.youtube.com/watch?v=52-StaMrdUs,2010125
news,25,열린공감TV,1707,KR,#윤석열 #김건희 #최은순 #마약 #인천공항 #세관 #한덕수 #마약사건외압 #백해룡  #열공 #열린공감 #한동훈 #검찰 #경찰  ◼열린공감TV 제작 극 영화 [앉은뱅이 주술사 ‘쥴리'](가칭) 를 제작안내 (크라우드펀딩 오마이컴퍼니)로 펀딩해 주세요. https://www.ohmycompany.com/reward/16118  1.인터넷 검색창에 ’오마이컴퍼니‘ 검색 2. 중간쯤 인기프로젝트 ’쥴리‘ 클릭 3. 마음에 드는 금액 후원펀딩 클릭 4. 카카오톡으로 가입후 완료 https://www.ohmycompany.com/reward/16118  ◼열공광고안내 홈페이지: https://www.adcross.co.kr/minishop/openmind 주문전용: 080-707-1110  주) 열린공감TV는 유튜브 채널 '열린공감TV'를 통해 정치  시사  사회  문화  국제 이슈 등을 다룹니다. 유튜브 채널 '탐사저널ON'을 통해서는 탐사취재를 전문으로 보도합니다. ◼ 후원계좌 : 우리은행 1005-704-387412 ◼ 후원계좌 : 국민은행 787201-04-247879 ◼ ARS 후원 : 1877-0809 / 1877-9503 ◼ 해피나눔 : https://www.ihappynanum.com/Nanum/B/CQ4U04MFOL ◼ 페이팔 : newix@naver.com  ◼ 【구독】 과 【좋아요】 【알림설정】 부탁드립니다. '좋아요' 클릭은 더 많은 시청자분들이 시청하실 수 있게 합니다. ◼ 채널 맴버 가입 https://www.youtube.com/channel/UC4y2Jx26qCb7CrSt_i5bf1A/join ◼ 제보하기 : newix7700@gmail.com ◼ 틱톡 : https://www.tiktok.com/@tv4544?_t=8nSXln4C83d&_r=1 ◼ 인스타 : https://www.instagram.com/officialopenmindtv/ ◼ 열린공감TV 영상물은 공유 및 소스코드 배포에 한해 허용합니다.,VhkKh4Bn1gA,26524,2025-04-19T12:15:06.000Z,[열린공감  민주주의  민주진보  공정  정의  평등  민주당  문재인  조국  정경심  노무현  유시민  대한민국  열린  검찰개혁  윤석열  언론개혁  진실],【굥짜장썰뎐 68회】 분신시도! “백해룡 비리엮어 처벌하라고!“,https://www.youtube.com/watch?v=VhkKh4Bn1gA,379683
news,25,KBS News,2789,KR,오사카 엑스포 행사장에 있는 화장실입니다.  벽면에 영어로 '올 젠더(All Gender)'라고 쓰여 있는데요.  성별 구분 없이 누구나 이용할 수 있는  화장실입니다.  성 소수자를 배려하는 취지로 도입됐는데  전체의 40%를 올 젠더 화장실로 만들어 이용하기 불편하다는 의견과 함께 안전 우려가 나오고 있습니다.  유아용 화장실 역시 논란에 휩싸였습니다.  보시다시피  칸막이가 없습니다.  일본 정부는 이 화장실들을 짓는데 2억 엔  우리 돈 약 20억 원을 썼습니다.  오사카 엑스포는 개막 직후부터 건물 내부로 비가 스며들거나 통신 장애 등 운영 미숙으로 관람객들이 불편을 겪고 있는데요.  또 개막 하루 만에 입장객 수가 절반으로 줄면서 흥행에 대한 우려도 나오고 있습니다.  ▣ 제보 하기 ◇ 카카오톡 : 'KBS제보' 검색  ◇ 전화 : 02-781-1234 ◇ 홈페이지 : https://goo.gl/4bWbkG ◇ 이메일 : kbs1234@kbs.co.kr  Copyright ⓒ KBS. All rights reserved. 무단 전재  재배포 및 이용(AI 학습 포함) 금지  #남녀공용 #오사카엑스포 #일본,hI0I7XWtr7E,2638,2025-04-17T07:50:01.000Z,[KBS  KBS NEWS  KBS뉴스  NEWS  kbs뉴스  kbs 뉴스  kbs news  kbs  뉴스  자막뉴스  남녀공용  오사카엑스포  일본],[자막뉴스] 20억이나 들였다는 '공용화장실'..."칸막이도 없는데 어떻게 써요" / KBS 2025.04.17.,https://www.youtube.com/watch?v=hI0I7XWtr7E,752949
news,25,조선일보,1650,KR,📍 전과 4범인 대통령 후보  ◈채널에 가입하여 혜택을 누려보세요◈ https://www.youtube.com/channel/UCdp4_yTBhQmB8E339Lafzow/join  ◈ 사실에 대한 믿음  할 말을 하는 용기. 조선일보◈      조선일보가 만드는 유튜브는 다릅니다.      구독! 좋아요! 공유하기! 는 사랑입니다❤  🔸 조선닷컴 공식 홈페이지 https://chosun.app.link/Tv2pQSJ3csb 🔸 조선일보 무료 구독 체험 https://chosun.app.link/j3tMd6O3csb 🔸 당신의 건강과 행복을 위한 채널 '오!건강' 👉🏻 https://bit.ly/3JzNuS1 구독해주세요!!   ◈◈◈ 조선일보 유튜브  제작협찬  및 제휴광고 문의 ◈◈◈   👉🏻👉🏻👉🏻 ghm@studioghm.com 👈🏻👈🏻👈🏻  #이재명 #민주당 #선거 #뉴스 #조선일보,ktDcAg3ObTQ,12190,2025-04-17T10:30:35.000Z,[조선일보  조선  언론  이슈  신문  방송  뉴스  정치  속보  김광일쇼  이슈포청천  정치펀치  김광일의입  김광일  박은주  신동흔  배성규  배소빈  두시엔김광일  장원준쇼  장원준  윤석열  김건희  이재명  한동훈  오세훈  홍준표  안철수  전원책  전한길],[더잇슈] '범죄 이력' 언급하며 이재명 제대로 비꼬았지만.. 침묵 지키고 있는 민주당?,https://www.youtube.com/watch?v=ktDcAg3ObTQ,203422
news,25,채널A News,7903,KR,‘윤석열 신당’ 창당…내일 기자회견  뉴스A 시작합니다.저는 동정민입니다. 윤석열 전 대통령 지지자들이 내일 윤석열 신당 창당 기자회견을 예고했습니다. 대통령 탄핵심판 때 함께 했었던 대통령 변호인단 소속 변호사들이 기자회견에 직접 나선다고 예고했습니다. 윤 전 대통령이 대선판에 실제로 움직이는 거냐는 논란이 확산되자  황급히 지지자들의 활동이라고 진화에 나섰지만  정치권은 이 상황을 예의주시하고 있습니다. 첫 소식 최승연 기자의 보도입니다.   ○ 기사 보기 https://www.ichannela.com/news/main/news_detailPage.do?publishId=000000468838  ▶채널A뉴스 구독 https://www.youtube.com/tvchanews?sub_confirmation=1  [채널A 뉴스·시사 프로그램｜유튜브 라이브 방송시간]  〈평일〉 08시 00분 라디오쇼 정치시그널 (유튜브 라이브) 08시 50분 김진의 돌직구 쇼 10시 30분 김진의 더라방 (유튜브 라이브) 12시 00분 뉴스A 라이브 15시 50분 이야기 더 17시 10분 뉴스TOP10 19시 00분 뉴스A  〈주말〉 12시 00분 토요랭킹쇼·뉴스A 라이브 17시 40분 뉴스TOP10 19시 00분 뉴스A  #윤석열 #창당 #채널A뉴스  ▷ 홈페이지 http://www.ichannela.com/news/main/news_main.do ▷ 페이스북 https://www.facebook.com/channelanews ▷ 카카오스토리 https://story.kakao.com/ch/channelanews,4Sk235OODYM,13158,2025-04-17T11:44:19.000Z,[윤석열  창당  기자회견  채널A  cosjfdpdl  cosjfㅁ  뉴스  뉴스a  뉴스에이],‘윤석열 신당’ 창당…내일 기자회견 / 채널A / 뉴스A,https://www.youtube.com/watch?v=4Sk235OODYM,780697
news,22,스타갤러리,1729,KR,윤대통령 형사재판 김형기 대대장의 증언  #김형기 #지귀연 #윤어게인 #김용현 #한덕수 #이재명 #탄핵반대 #윤대통령 #donaldtrump #계엄령 #비상계엄 #윤석열 #트럼프 #김건희 #yoonagain,nr4La0NmFZM,54924,2025-04-14T12:16:47.000Z,[잇슈  이슈  쇼트  short  정치  탄핵  계엄  게엄  개엄  윤석렬  김거니],윤대통령 검찰 증인 김형기 대대장 오히려 계엄은 평화적이었다?,https://www.youtube.com/watch?v=nr4La0NmFZM,299017
news,27,원더영어 WONDER,117,KR,#해외반응 #이정후 채널에 가입하여 혜택을 누려보세요. https://www.youtube.com/channel/UCrMGh7NV4sZlZQTaK0kWMAQ/join  우리나라 및 세계에서 일어나고 있는 다양한 이야기를 공유하는 채널입니다. 영미권 소식은 직접 번역하여 공유합니다. 시의성에 맞거나 이슈거리 중 우리 한국인들의 자긍심을 높이고 긍정적인 영향을 미칠 수 있는 주제를 중심으로 콘텐츠를 제작하고 있습니다. 항상 응원해주셔서 감사합니다.,9UaXE--1FmM,3929,2025-04-19T21:52:28.000Z,[#해외반응  #이정후  #샌프란시스코자이언츠  #LeeJungHoo  #JungHooLee  #SanFransiscoGiants  #KoreanBaseballPlayer  #SouthKorean  #Korean  #SouthKorea  #MLB  #이정후번트  #바람의손자  #야구],"이정후 야구센스  타격감 미쳤네요!!" 미국 뉴스 앵커부터 현지 해설진까지 이정후 이름 연호하며 난리난 이유,https://www.youtube.com/watch?v=9UaXE--1FmM,284007
news,25,채널A 김진의 돌직구쇼,2793,KR,‘3자대결’ 무당층서 이재명·한덕수 ‘박빙’  3자대결  무당층서 이재명·한덕수 ‘박빙’ 이재명 32.9%·한덕수 30.4%·이준석 9.8% 데일리안 한덕수  보수진영 지지율 김문수 제치고 선두로 조원씨앤아이   ○ 영상 보기 https://www.ichannela.com/program/detail/program_video_renew.do?publishId=000000468724  ▶채널A뉴스 구독 https://www.youtube.com/tvchanews?sub_confirmation=1  [채널A 뉴스·시사 프로그램｜유튜브 라이브 방송시간]  〈평일〉 08시 00분 라디오쇼 정치시그널 (유튜브 라이브) 08시 50분 김진의 돌직구 쇼 10시 30분 김진의 더라방 (유튜브 라이브) 12시 00분 뉴스A 라이브 15시 50분 이야기 더 17시 10분 뉴스TOP10 19시 00분 뉴스A 20시 00분 라디오쇼 정치시그널 나이트(유튜브 라이브)  〈주말〉 12시 00분 토요랭킹쇼·뉴스A 라이브 17시 40분 뉴스TOP10 19시 00분 뉴스A  #이재명 #한덕수 #채널A뉴스  ▷ 홈페이지 http://www.ichannela.com/news/main/news_main.do ▷ 페이스북 https://www.facebook.com/channelanews ▷ 카카오스토리 https://story.kakao.com/ch/channelanews,wK2I4v7NO9U,5768,2025-04-17T01:36:30.000Z,[한덕수  이재명  여론조사  채널A  cosjfdpdl  cosjfㅁ  돌직구쇼  김진  rlawls],‘3자대결’ 무당층서 이재명·한덕수 ‘박빙’ / 채널A / 김진의 돌직구쇼,https://www.youtube.com/watch?v=wK2I4v7NO9U,273145
news,25,TBC뉴스,6904,KR,#전한길 #이영돈 #이재명 #국민의힘 #더불어민주당 #투표 #선관위 #tbc뉴스   ⎯⎯⎯⎯⎯⎯⎯⎯⎯⎯ ➡️ 대구 경북 제보는 TBC뉴스 https://www.youtube.com/@tbc8news ▷ 전화/문자 : 053-760-2000 / 010-9700-5656 ▷ 이메일 : tbcjebo@tbc.co.kr ▷ 카카오톡 친구 ID : tbcnews ▷ TBC뉴스 홈페이지 : https://www.tbc.co.kr/news ▷ TBC 홈페이지 : https://www.tbc.co.kr/ ▷ TBC뉴스 인스타그램 : https://www.instagram.com/tbc_news_/ ⎯⎯⎯⎯⎯⎯⎯⎯⎯⎯  #TBC8뉴스 #대구경북TBC #TBCNEWS #티비씨뉴스 #TBC #대구 #경북,9ULHBzRnFBM,31724,2025-04-16T04:19:03.000Z,[대구뉴스  뉴스채널  TBC  티비씨  데일리뉴스  정치뉴스  이슈  대구경북  경상도  TK  지역sbs  sbs  대구방송  대구방송국  지역방송국],전한길 강사와 이영돈 PD  "이재명 대표  20년 때부터 하고 있는 투표 조작 멈추길"ㅣTBC 정치in직캠,https://www.youtube.com/watch?v=9ULHBzRnFBM,433019
news,25,주목뉴스,252,KR,#조기대선 #김종대 #오윤혜  #국힘당해체 #윤석열파면 #주목뉴스,RBk-SNOoeTY,29402,2025-04-10T07:00:20.000Z,[김종대  김종대tv  오윤혜  김종대 오윤혜  국힘해체  국힘벌금  400억 국힘  선거보조금 국힘  먹튀 국힘  국힘 파산  먹튀방지법 국힘  윤석열 벌금  국힘자멸  조기대선  조기대선 벌금],스스로 자멸하게 생긴 그 당!  대선 선거보조금 반환 400억? 김종대&오윤혜,https://www.youtube.com/watch?v=RBk-SNOoeTY,538814
news,25,서울신문 ,3582,KR,명태균 관련 질문을 하는 오마이뉴스 기자에게 홍준표 후보는 "그럼 이재명에게 이렇게 물어보라"며 맞섰다.,2yzCL-vogQU,11523,2025-04-17T06:08:12.000Z,,오마이뉴스 기자 질문하자...모두를 놀라게 한 홍준표 답변,https://www.youtube.com/watch?v=2yzCL-vogQU,243329
news,25,장르만 여의도,250,KR,#최상목 #한덕수 #이재명  최상목 "폰 바꾼 적 없다"더니... 5분 만에 나온 '교체 기록' 정 위원장은 "본인은 휴대전화 기기를 바꾸지 않았다는데  (이 자료에 따르면) 계엄 직후인 2024년 12월 7일 갤럭시S24울트라에서 갤럭시Z폴드6로 바꿨다는 기록이 있다"고 말했다. 최 부총리는 "이 자료가 잘못 된 거냐"는 정 위원장의 물음에 "고장이 나서 바꾼 건 맞다"고 답했다. '바꾸지 않았다'는 대답과는 정면으로 배치되는 답변이다. 최 부총리는 이어 "분명한 건 과거 휴대폰을 가지고 있다"고 부연했다.  00:00 - 하이라이트 01:00 - 정치용장 : 김용남 전 개혁신당 정책위의장 · 장윤선 정치전문 기자 02:00 - 1. 홍준표  뉴스타파 기자 질문하자 "답 안 해" 14:35 - 2. 김문수 지지 '연기→비공개→공개'...아직 줄서기는 부담? 22:50 - 3. 헌재 '한덕수의 이완규 지명' 막았다  32:30 - 4. 민주 "관세 졸속협상 말라" 한덕수 직격  42:25 - 5. 재산 44억 최상목 "미 국채 추천받아... 난 부유하지 않아" 47:35 - 6. 이재명 하루만에 후원금 29억 채웠다   한없이 가벼운 정치 토크쇼  장르만 여의도 매주 월~금 오전 11시 LIVE🔴  🔽[딱 일주일만! 득템찬스]명가밥상 우삼겹 한우대창전골 1kg (3팩/6팩) - 장르만여의도TV https://naver.me/xjgOlnie  🔽[딱 일주일만! 득템찬스]명가밥상 한우대창쭈꾸미 320g (3팩/6팩) - 장르만여의도TV https://naver.me/F9NXkZ5q  🔽인터넷 비교원 상담  📌[인터넷TV+유심변경+정수기렌탈 총 128만원 혜택]  https://bit.ly/46Icxzb  🔽 장르만 여의도 몰 (한없이 가격이 가벼운 쇼핑몰) https://genremantv.com/  ☞장르만여의도 구독하기 (https://www.youtube.com/@JTBCSHOW) ☞장르만여의도 커뮤니티 (https://www.youtube.com/@JTBCSHOW/community)  ☞JTBC유튜브 구독하기 (https://www.youtube.com/user/JTBC10news) ☞JTBC유튜브 커뮤니티 (https://www.youtube.com/user/JTBC10ne...)  ☞광고 및 비즈니스 문의 (kang.kivin@jtbc.co.kr)  [제작] 🎥 PD : 강기빈 · 이효선 · 신희연 🎥 AD : 장윤선 🗒 작가 : 김지영 · 손지은 · 신희란 · 곽시정,rHuhonroXU0,4074,2025-04-17T09:15:06.000Z,[장르만여의도  정영진  정치  더불어민주당  국민의힘  개혁신당  조국혁신당  여당  야당  국회  국회의사당  정치인  윤석열  한동훈  이재명  이준석  김종혁  장현주  김용남  장윤선  탄핵  계엄  내란  대선  대통령실  압수수색  김성훈  최상목  박성재  조지호  한덕수  오세훈  건진법사  윤한홍],외화보유엔 뻔뻔!?..최상목 폰 바꾼 빼박 증거 보고는 '당황' '난감'..결국 위증 인정,https://www.youtube.com/watch?v=rHuhonroXU0,139721
news,27,달란트투자,204,KR,*본 영상은 4월 11일부터 4월 15일까지 방영된 진재일 교수님 출연 영상(1~3편)의 풀버전입니다. 시청에 참고하시기 바랍니다.(촬영일: 4월 9일)  ▶진재일의 군사력 이해하기: https://jj6702.tistory.com  00:43 "미국이 이걸 숨겼다" 마침내 밝혀진 러우전쟁의 충격적인 진실 13:05 러시아 박살낼 미국의 큰그림. 러우전쟁 앞으로 이렇게 된다 27:11 "2차대전과 똑같은 신호" 4월 내 러우전쟁 판도 완전히 뒤집힌다 40:29 우크라에도 쩔쩔매는 푸틴  3차대전 꿈도 못꾸는 이유 54:51 EU가 자꾸 젤렌스키 부추기는 진짜 속내. 유럽 곧 갈가리 찢어진다 1:07:26 러시아  전쟁 끝나면 한국부터 찾는다. 일본 배아파 미칠 지경  #러우전쟁 #푸틴 #트럼프  ▶[TSMC와 트럼프 이펙트: 대격변 예고] 온라인 서점 구매 링크 1. 교보문고 : https://han.gl/hCdqB 2. 예스24 : https://han.gl/G1QAO 3. 알라딘 : https://han.gl/eCX30 4. 카톡 선물하기 : https://han.gl/nYP5X   ※ 출연자에 대한 인신공격  근거없는 비난  욕설  비속어를 포함한 댓글은 무통보 삭제될 수 있습니다. 성숙한 소통 문화 형성에 동참해주시기 바랍니다. 감사합니다.  ※ 사전 협의 없이 달란트투자에서 제작 및 게시한 영상  자료의 무단 복제 및 재가공하는 행위를 금합니다.,cypiTIxb9Ps,4352,2025-04-19T09:00:59.000Z,[yt:cc=on  러우전쟁  러시아  우크라이나  전쟁  종전  휴전  트럼프  미국  휴전협정  푸틴  젤렌스키  전황  러시아우크라이나전쟁],미 정부와 언론이 은폐한 러우전쟁의 충격적인 진실｜진재일 교수 풀버전,https://www.youtube.com/watch?v=cypiTIxb9Ps,121093
news,27,교양이를 부탁해,139,KR,[지식뉴스] 미국이 쩔쩔매는 중국의 마지막 카드는 '이것' (ft.이현식 SBS D콘텐츠제작위원) / 교양이를 부탁해 ‪@sbs_explained‬   #교양이를부탁해 #경제성장률 #미국경제전망 #중국경제전망 #트럼프 #시진핑 #상호관세 #관세유예 #트럼프풋 #관세 #경기침체 #나스닥 #미국채 #국가부채,0XUXYaM9u_s,2357,2025-04-16T14:00:04.000Z,[교양이를부탁해  지식뉴스  국제정세  재테크  직장인  생존전략  첨단산업  반도체  패권전쟁  ai혁명  긴급점검  지식콘서트  컨트리뷰터  미니강의],미국이 쩔쩔매는 중국의 마지막 카드는 '이것',https://www.youtube.com/watch?v=0XUXYaM9u_s,201562
