categoryId,channelTitle,id,title,viewCount
24,PhantomShorts,eBNnw0phqjM,Him saving his money is making me sob ğŸ˜­ #fyp #emotional #movie #shorts,21162695
10,Snow Moments,Zzyuh0Kyi3U,His loyalty saved his lifeğŸ˜³,29897295
10,Ngamshishi,9trJTiOB8BE,he was born for this #shorts #funny #explore #comedy #usa #cakeboss #bake #cake #bakery #buddy #fyp,43503233
22,LUCKY_MAN,fAtVPSmMXII,Moment Before Cooked â˜ ï¸ #trollface #edit #shorts,116190412
10,SHIVAA HI DEF,GscNgrVcnek,Nice ! ğŸ«  #fyp #funnyvideos #lol #daughter #fypã‚· #youtuber,11600687
27,Law By Mike,i8B8qHeA8gI,Real Ways Criminals Escaped The Police,32215803
22,Shawn Ryan Shorts,R-kz3deX1uU,Would you risk it? ğŸ¤£,12086632
22,Daddy Cooper,UKjopZLMT0U,Georgie confronts Todd ğŸ’€ğŸ’€ ep 17,6990951
1,Marcella Devereaux,HlkIpdHcJek,3 Body Problem (S1E2) | Copernicus's Encounter with the Count and the Follower,21591596
22,ShorterT,Upy-b_keHHo,Crazy Cops  #shortflim #film #cops #timeloop #loop,21438305
1,Brought Kooky,4wOpPxrcUsM,DR: Iâ€™ve always wanted to say that.#show #shorts #shortvideo #doctorwho #doctor #say #want #tv #wow,11773898
22,Auntie Charli,H5yAzD6IRwE,The different types of people at family reunions #pov #relatable #comedy #skit,8446611
19,Zack D. Films,ixtWRjbwOl0,Girl Raised By Dogs ğŸ˜¨,12959231
10,ğ•­ğ–Šğ–†ğ–˜ğ–™ğ–‘ğ– ğ•¾ğ–”ğ–“ğ–Œğ–˜,kg8O8za-ugw,Dog's reaction when owner is fainted #shorts #dog,27492710
22,Double Date,Os_hliT8ap8,WAIT FOR IT... BABIES CAN TALK?! ğŸ‘¶ğŸ¼ #funny #shorts #funnyvideos #viral,13631829
22,Rf Deville,Yxplbc3iJDM,Escape from a sniper's rifle,27356564
24,PacRackz,Y8QuG9HQeCQ,yall are laughing and this is fr our next TimothÃ©e Chalamet ğŸ˜…ğŸ‘ğŸ½ğŸ¤£ #funny #viralvideo #shorts,8211540
22,EpicFraee,7Y1xiArezcY,Ranking Most Impressive Videos 6 ğŸ˜ #best #tiktok,17273176
22,Nahshon Slater,uCoWA-73y44,#short,9271517
24,OKTOR,iOxrTay2dg8,Fast it up ğŸ’€,3514856
1,The Rookie (Fan Page),s2Ve3bHoLzc,Bradford gets a weird message | #TheRookie (SPOILERS!),8543538
1,Matthew Amy,9_prXKhA3u8,Dr. House reasoned in advance that the patient was going to sue him #movie #video #shorts,22158779
24,SIMJI,OEdp_ZefzHY,Had to pull out the bobğŸ’ğŸ»â€â™€ï¸,17295479
22,Forrest Frank,U7sNQqIuLUU,this guy wins YOUR WAYS BETTER ğŸ•ºğŸ™Œ (Dedrick Green),3343721
22,ê¹€í”„ë¡œKIMPRO,6nkNh-2Cd5E,Kkubi's dalgona cracked,153962005
22,Nick Wilkins,-aa1xisZiK0,When you canâ€™t find the sound,4817278
24,Tid Editz,uYNxDJnNWj8,The Best Perspectives of @jordikoalitic....ğŸ’€#troll,29987522
27,Brain Boost,eZM5q_LdyFg,The Friendship-Destroying Game,25524658
24,KingChris,1J5JDQOHFBw,Omniman is everywhereâ€¦ #invincible #omniman,12553970
1,FlickPeek,cw6EmhnQXTM,Arrogant officer gets humbled instantly #series #shorts #thegoodlordbird,4800105
22,Corporate Khaana ğŸ¢,ONrLu4WO1CM,Like â¤ï¸ if you love  Pets Comment ğŸ¾ your funniest dog prank moment& Share ğŸ”,21512521
1,Mccowan784,s1vNeokpJ3c,In all fairness you the first robbery here today.#viralvideo #shortvideo #shorts,9075955
22,mind Bytecast ,CqOYofXj3f0,Joe Rogan reacts to courtroom grilling.,8657480
23,Onevilage,c1NMVSdi7PY,When you outsmart the bullies ğŸ˜‚,19993535
24,BolingBros,PoHI2k7VVHk,Bro Is NOT Double Jointed!,9817501
20,SniperXplug,EDaSAXhgB7Q,â€œI Demandeth An Apologyâ€ ğŸ˜­ #film #movie #viralvideo #explore #fyp #shorts #cinema,11114451
22,Irenic,Dy_zZUxVKfo,Just gimme my moneyğŸ™ #justgivememymoney #usa #prank #tiktok,5373650
24,LAURI REACTION AND AIRBRUSH MAKEUP ,_GyYqJMUYG0,DO YOU KNOW #duet #react #myreaction #reaction #tiktok #comments,9249435
15,Hublot Baggins,3u5UB8ph0v0,This chameleon found his first love â¤ï¸ #shorts,5507636
22,Dzqly 401,ZaxUFXfH5L4,He bought a knife from a mugger #tvshow #shorts #kimsconvenience,10751720
24,Christopher,QMc6r0gUnkM,â€œtHE beLl dOeSNt DisMISs yOU i dOâ€ ğŸ™„ #relatable #skit #dankscole #fylã‚·#funny #comedy #pov,14111112
24,Dylan Anderson,GV_jbmbtGrQ,This man was selfless to protect the waitress â¤ï¸,3655499
22,Matthew Cox Shorts,lE5HjPa4fHM,Zack Later Went to Federal Prisonâ€¦,9972428
22,FailFiles,UtxG9ZJW5Qo,Ranking "I Make The Face You Make The Sound" Trend-part4,20034673
17,Trevor Hannant,5m80z19WZ_I,Floating TORNADO kick tutorial,12345023
22,dave galvin,3d0Xrfm2M7s,Flames are not well received in Element City #shorts #movie #elemental,16968727
20,TwinCoconuts,IvWE1o9ueSc,Moe Tries to End It Allâ€¦ But Accidentally Saves Maggie â˜ ï¸ğŸ¼ #simpsons #funny #shorts,6142035
22,santiag182,RszmK8jPEWc,one of my favorite movies of all time#movie #shorts,23195988
22,Moon movie ,WdgiZJE4dfI,Heâ€™s faster than NASCARâ€™S top speed ğŸ¤¨ğŸ™ğŸ» #needforspeed #aaronpaul,14040901
22,RainyCar,Y2F9QsxA9P8,Minecraft Movie Lava Chicken Live Performance2 with Movie #minecraftmovie #minecraft #lavachicken,23366222
